"","ds_id","auth_id","timestamp"
"1","doi:10.7281/T1/IRMGH8","1",2024-02-28 12:19:18
"2","doi:10.7281/T1/D3EV75","2",2022-05-24 12:27:31
"3","doi:10.7281/T1/5UEIRG","3",2022-05-24 12:26:25
"4","doi:10.7281/T1/8VU7A2","4",2023-05-09 12:24:18
"5","doi:10.7281/T1/9VJGPI","0000-0002-6954-5776",2023-09-05 16:08:55
"6","doi:10.7281/T1/YC5BS6","5",2023-10-18 17:06:58
"7","doi:10.7281/T1/IM9BZI","0000-0002-5142-0326",2024-04-22 18:43:06
"8","doi:10.7281/T1/KOTDPY","0000-0002-9789-3137",2024-08-30 14:03:32
"9","doi:10.7281/T1/EQKCFP","0000-0001-8824-8809",2023-10-20 13:46:16
"10","doi:10.7281/T1/RDLYMJ","0000-0001-8824-8809",2024-09-13 19:49:27
"11","doi:10.7281/T1/NTWJAR","6",2024-02-23 20:28:34
"12","doi:10.7281/T1/IFSXNV","7",2020-10-15 12:47:22
"13","doi:10.7281/T1/C304HZ","8",2022-03-30 19:24:13
"14","doi:10.7281/T1/CCC69H","0000-0003-0044-1992",2021-03-23 16:40:40
"15","doi:10.7281/T1/AVOEQR","0000-0003-0519-7036",2023-10-12 07:54:20
"16","doi:10.7281/T1/SP6KO3","0000-0002-0656-7898",2017-11-22 19:46:20
"17","doi:10.7281/T19G5JRC","0000-0002-6262-3866",2015-10-22
"18","doi:10.7281/T1F769G3","0000-0002-6262-3866",2023-03-16 15:12:56
"19","doi:10.7281/T1/UZIT7C","0000-0003-2175-3709",2023-12-05 19:53:32
"20","doi:10.7281/T1/SWNGEP","9",2021-05-07 14:09:25
"21","doi:10.7281/T1/UDTJPD","10",2020-02-20 18:10:12
"22","doi:10.7281/T15Q4T12","0000-0002-1235-5373",2015-08-25
"23","doi:10.7281/T1/PXEROL","11",2022-03-02 18:29:27
"24","doi:10.7281/T1/DX9DL8","12",2018-11-12 18:48:14
"25","doi:10.7281/T1/0HWVS1","13",2024-06-28 14:02:28
"26","doi:10.7281/T1F769G3","14",2023-03-16 15:12:56
"27","doi:10.7281/T1/2PGJQU","0000-0003-1028-8303",2023-03-08 20:14:56
"28","doi:10.7281/T1/IFSXNV","15",2020-10-15 12:47:22
"29","doi:10.7281/T1/C304HZ","0000-0003-1028-8303",2022-03-30 19:24:13
"30","doi:10.7281/T1/LQMJJM","16",2023-01-30 20:24:14
"31","doi:10.7281/T1RF5RZ7","0000-0001-7568-2059",2016-08-02
"32","doi:10.7281/T1/7VKY8K","17",2018-06-04 19:57:46
"33","doi:10.7281/T1/K08BJZ","18",2022-09-06 17:25:29
"34","doi:10.7281/T1/NL3HTW","19",2023-05-16 18:53:51
"35","doi:10.7281/T1/HW66X3","0000-0002-2740-6276",2024-02-13 18:07:50
"36","doi:10.7281/T1/I0H3GY","0000-0002-2740-6276",2023-07-21 20:11:46
"37","doi:10.7281/T1/U5GUV3","0000-0002-2740-6276",2023-08-16 16:21:51
"38","doi:10.7281/T1/IHPXXR","0000-0002-2740-6276",2023-05-15 17:37:25
"39","doi:10.7281/T1/RE5GOK","0000-0002-2740-6276",2024-08-29 15:44:03
"40","doi:10.7281/T1/JYAHTN","20",2020-11-24 12:54:16
"41","doi:10.7281/T1/RECXQW","0000-0002-6830-6271",2022-01-10 16:51:56
"42","doi:10.7281/T1/X4MXHC","0000-0002-6830-6271",2022-04-07 16:35:56
"43","doi:10.7281/T1/0HWVS1","0000-0003-0283-1927",2024-06-28 14:02:28
"44","doi:10.7281/T1JW8BSS","21",2020-10-30 18:26:13
"45","doi:10.7281/T14Q7RW8","22",2016-07-14
"46","doi:10.7281/T1/C4RVLS","23",2024-01-09 16:15:38
"47","doi:10.7281/T1/EAFMCT","24",2018-12-07 18:10:05
"48","doi:10.7281/T1/ONZHUS","25",2019-07-08 18:17:31
"49","doi:10.7281/T14Q7RW8","26",2016-07-14
"50","doi:10.7281/T1/EAC3HJ","0000-0001-6292-7790",2023-03-02 12:54:25
"51","doi:10.7281/T1/1ECVB0","0000-0002-9808-2344",2020-04-09 20:50:28
"52","doi:10.7281/T1/UP8RWD","0000-0003-3174-1613",2023-12-07 20:11:09
"53","doi:10.7281/T1/IWOVKD","0000-0002-8575-2679",2018-11-08 13:39:55
"54","doi:10.7281/T1/AUBBJD","0000-0002-8575-2679",2020-08-28 15:17:53
"55","doi:10.7281/T1/7WS8AD","0000-0001-7016-0438",2020-12-03 18:22:39
"56","doi:10.7281/T1/W2AG3A","0000-0001-7016-0438",2020-11-12 20:15:42
"57","doi:10.7281/T1/VSW3JU","0000-0001-7016-0438",2021-05-26 20:32:48
"58","doi:10.7281/T1/E70MXR","0000-0002-9716-7936",2021-01-07 17:45:16
"59","doi:10.7281/T1/DP2U9M","0000-0003-0417-641X",2019-07-10 18:25:43
"60","doi:10.7281/T1/FTCWPF","27",2020-04-22 16:05:42
"61","doi:10.7281/T18G8HM0","28",2023-06-08 12:11:46
"62","doi:10.7281/T1VD6WC7","29",2016-04-12
"63","doi:10.7281/T1QN64NW","30",2016-06-10
"64","doi:10.7281/T1KW5CX5","31",2016-04-07
"65","doi:10.7281/T1/OM3OMQ","0000-0001-5217-8108",2017-10-23 17:22:25
"66","doi:10.7281/T1/NH6EGH","32",2021-07-12 20:08:01
"67","doi:10.7281/T1/9VJGPI","0000-0002-3053-1115",2023-09-05 16:08:55
"68","doi:10.7281/T1J10120","33",2016-06-15
"69","doi:10.7281/T19G5JRC","34",2015-10-22
"70","doi:10.7281/T1/L8UP2G","35",2018-04-17 20:37:48
"71","doi:10.7281/T1/RDLYMJ","36",2024-09-13 19:49:27
"72","doi:10.7281/T1/YUHUYN","0000-0003-0800-0825",2023-05-23 20:37:12
"73","doi:10.7281/T1/KWDKME","37",2024-04-11 15:30:47
"74","doi:10.7281/T1/IRMGH8","38",2024-02-28 12:19:18
"75","doi:10.7281/T1/CRHEAH","39",2020-08-24 19:08:33
"76","doi:10.7281/T1/VCPZIK","40",2021-08-05 21:44:39
"77","doi:10.7281/T1/UZIT7C","0000-0002-5034-1300",2023-12-05 19:53:32
"78","doi:10.7281/T15Q4T12","0000-0001-6079-0997",2015-08-25
"79","doi:10.7281/T1/BCARLC","41",2020-10-12 21:05:06
"80","doi:10.7281/T1/AYTUVI","0000-0001-6079-0997",2018-08-03 18:25:59
"81","doi:10.7281/T1/6BHBC4","42",2020-01-13 18:12:38
"82","doi:10.7281/T19G5JRC","43",2015-10-22
"83","doi:10.7281/T1/B660D2","0000-0003-0787-4520",2022-09-12 20:36:56
"84","doi:10.7281/T1/OOMZS7","0000-0003-0787-4520",2022-06-06 13:59:37
"85","doi:10.7281/T1/HWU9TZ","0000-0001-8587-2729",2024-05-28 18:45:52
"86","doi:10.7281/T1/XFNORD","0000-0003-0102-9713",2023-12-21 14:34:36
"87","doi:10.7281/T1/6Y08LS","0000-0001-9955-3809",2018-08-22 19:06:03
"88","doi:10.7281/T1154F09","0000-0003-1667-3181",2015-08-25
"89","doi:10.7281/T1/X4MXHC","44",2022-04-07 16:35:56
"90","doi:10.7281/T1/IRMGH8","45",2024-02-28 12:19:18
"91","doi:10.7281/T1/IRMGH8","46",2024-02-28 12:19:18
"92","doi:10.7281/T1/WBR06U","0000-0002-3502-9378",2017-06-12 13:30:58
"93","doi:10.7281/T1057CVH","0000-0002-9368-4899",2015-08-25
"94","doi:10.7281/T1154F09","0000-0002-9368-4899",2015-08-25
"95","doi:10.7281/T1/XGVRX0","0000-0002-9368-4899",2022-06-23 16:11:51
"96","doi:10.7281/T1/IZMSNX","0000-0002-9368-4899",2024-07-29 16:28:32
"97","doi:10.7281/T1/0L0OA0","0000-0001-8044-2906",2023-05-08 22:56:03
"98","doi:10.7281/T1/RECXQW","0000-0002-1913-0353",2022-01-10 16:51:56
"99","doi:10.7281/T1/0EYOMQ","0000-0002-1913-0353",2022-03-09 21:15:29
"100","doi:10.7281/T1/DX9DL8","0000-0003-4141-4034",2018-11-12 18:48:14
"101","doi:10.7281/T1/QS3QFT","0000-0003-4141-4034",2024-03-26 20:35:29
"102","doi:10.7281/T19G5JRC","0000-0001-9926-7984",2015-10-22
"103","doi:10.7281/T1F769G3","0000-0001-9926-7984",2023-03-16 15:12:56
"104","doi:10.7281/T1/N1X6I4","47",2021-02-04 22:20:30
"105","doi:10.7281/T1/QVAHMD","0000-0001-8547-9417",2022-05-18 11:30:39
"106","doi:10.7281/T1/IZMSNX","48",2024-07-29 16:28:32
"107","doi:10.7281/T1/IVVFCM","49",2023-04-21 16:24:52
"108","doi:10.7281/T1RN35S8","50",2015-08-25
"109","doi:10.7281/T1/KOSYGQ","51",2017-06-29 12:50:41
"110","doi:10.7281/T14Q7RW8","52",2016-07-14
"111","doi:10.7281/T1/I3ILXO","53",2020-04-17 15:29:44
"112","doi:10.7281/T1F769G3","0000-0003-0075-5406",2023-03-16 15:12:56
"113","doi:10.7281/T1/CZZDLJ","0000-0002-3376-5494",2017-06-22 13:24:47
"114","doi:10.7281/T1/CRHEAH","0000-0002-3376-5494",2020-08-24 19:08:33
"115","doi:10.7281/T1/VCPZIK","0000-0002-3376-5494",2021-08-05 21:44:39
"116","doi:10.7281/T1/C8BCOW","0000-0002-3376-5494",2024-02-27 14:23:24
"117","doi:10.7281/T1/9VJGPI","0000-0002-1120-1778",2023-09-05 16:08:55
"118","doi:10.7281/T1/PIVKJ7","0000-0003-1327-5372",2023-11-16 15:58:05
"119","doi:10.7281/T1/OTISGL","54",2023-09-25 20:25:14
"120","doi:10.7281/T1/VNFY91","0000-0003-2562-5683",2023-09-15 19:41:39
"121","doi:10.7281/T1/VZZOJB","0000-0003-2562-5683",2021-03-02 14:37:44
"122","doi:10.7281/T1/EHSEV2","0000-0003-2562-5683",2023-04-03 14:00:46
"123","doi:10.7281/T1/SWNGEP","55",2021-05-07 14:09:25
"124","doi:10.7281/T1/2DKJB2","56",2023-06-15 19:41:02
"125","doi:10.7281/T1/NLHSKE","0000-0001-8892-9567",2023-06-02 12:54:10
"126","doi:10.7281/T1/XFNORD","0009-0001-3109-0796",2023-12-21 14:34:36
"127","doi:10.7281/T1F769G3","57",2023-03-16 15:12:56
"128","doi:10.7281/T19G5JRC","58",2015-10-22
"129","doi:10.7281/T1/EP0W7Y","0000-0002-9953-7347",2020-10-28 17:40:02
"130","doi:10.7281/T1/FTCWPF","59",2020-04-22 16:05:42
"131","doi:10.7281/T1/6Y08LS","0000-0002-7034-4621",2018-08-22 19:06:03
"132","doi:10.7281/T1/VZYIRV","0000-0003-4381-8673",2023-04-17 20:12:24
"133","doi:10.7281/T1/OSQSMY","0000-0002-9616-1946",2018-08-17 13:15:49
"134","doi:10.7281/T1/IRMGH8","60",2024-02-28 12:19:18
"135","doi:10.7281/T1RN35S8","0000-0002-2006-332X",2015-08-25
"136","doi:10.7281/T1/ORP47N","61",2023-10-12 20:05:53
"137","doi:10.7281/T1/U5GUV3","0000-0002-6179-2692",2023-08-16 16:21:51
"138","doi:10.7281/T1/BCARLC","62",2020-10-12 21:05:06
"139","doi:10.7281/T1/0HWVS1","0000-0002-2249-3067",2024-06-28 14:02:28
"140","doi:10.7281/T1/T3SA2Z","63",2020-04-13 21:12:23
"141","doi:10.7281/T1/SWU4P8","64",2023-08-08 17:47:21
"142","doi:10.7281/T1MW2F2Z","65",2015-08-25
"143","doi:10.7281/T1/UMDMQK","66",2019-05-30 19:51:49
"144","doi:10.7281/T1/EM61IB","67",2019-05-30 19:52:02
"145","doi:10.7281/T1/XOL4BR","68",2024-05-31 15:26:52
"146","doi:10.7281/T1/YC5BS6","69",2023-10-18 17:06:58
"147","doi:10.7281/T1/CLTDND","70",2019-06-26 17:45:57
"148","doi:10.7281/T1/FPN6MI","71",2023-08-03 20:18:29
"149","doi:10.7281/T1/2DKJB2","0000-0003-3236-3853",2023-06-15 19:41:02
"150","doi:10.7281/T1/ORP47N","72",2023-10-12 20:05:53
"151","doi:10.7281/T1/FPN6MI","73",2023-08-03 20:18:29
"152","doi:10.7281/T1/UBSZF1","74",2022-07-25 14:15:09
"153","doi:10.7281/T1/WYN7FI","75",2024-07-30 14:30:55
"154","doi:10.7281/T1/MYJBMQ","76",2020-08-24 19:22:07
"155","doi:10.7281/T1/5UEIRG","77",2022-05-24 12:26:25
"156","doi:10.7281/T1/V5DLIW","78",2023-05-23 20:35:43
"157","doi:10.7281/T1/UIJLZO","79",2024-02-27 14:26:57
"158","doi:10.7281/T1/UJO8EZ","80",2023-12-12 14:36:47
"159","doi:10.7281/T1/MYJBMQ","81",2020-08-24 19:22:07
"160","doi:10.7281/T1RF5RZ7","82",2016-08-02
"161","doi:10.7281/T1/CZZDLJ","83",2017-06-22 13:24:47
"162","doi:10.7281/T1/KOSYGQ","84",2017-06-29 12:50:41
"163","doi:10.7281/T1/FN9EH6","85",2017-04-03 18:11:57
"164","doi:10.7281/T1/ZHG9BB","86",2017-08-28 17:18:07
"165","doi:10.7281/T1/4AJ8Y1","87",2018-04-20 19:17:14
"166","doi:10.7281/T1/XOL4BR","88",2024-05-31 15:26:52
"167","doi:10.7281/T1/VDZAZY","0000-0002-9013-1586",2020-08-28 18:59:41
"168","doi:10.7281/T1/VCPZIK","89",2021-08-05 21:44:39
"169","doi:10.7281/T1/C8BCOW","90",2024-02-27 14:23:24
"170","doi:10.7281/T1/DP2U9M","0000-0001-8810-5699",2019-07-10 18:25:43
"171","doi:10.7281/T1/BDLMJG","91",2018-07-17 15:09:59
"172","doi:10.7281/T1/NT8FQN","0000-0002-7009-4984",2022-06-23 19:23:06
"173","doi:10.7281/T1/D3EV75","0000-0002-7009-4984",2022-05-24 12:27:31
"174","doi:10.7281/T1/5UEIRG","0000-0002-7009-4984",2022-05-24 12:26:25
"175","doi:10.7281/T1/8VU7A2","0000-0002-7009-4984",2023-05-09 12:24:18
"176","doi:10.7281/T1/UDTJPD","92",2020-02-20 18:10:12
"177","doi:10.7281/T1/7ELIJW","93",2024-04-26 19:51:18
"178","doi:10.7281/T1/C4RVLS","0000-0002-4335-0903",2024-01-09 16:15:38
"179","doi:10.7281/T1/I3ILXO","0000-0001-5135-4747",2020-04-17 15:29:44
"180","doi:10.7281/T1PN93HH","0000-0003-1058-7370",2020-10-30 18:26:04
"181","doi:10.7281/T1JW8BSS","0000-0003-1058-7370",2020-10-30 18:26:13
"182","doi:10.7281/T1/SP6KO3","0000-0001-6801-8010",2017-11-22 19:46:20
"183","doi:10.7281/T1/EAFMCT","94",2018-12-07 18:10:05
"184","doi:10.7281/T1/ONZHUS","95",2019-07-08 18:17:31
"185","doi:10.7281/T1/8OFLMF","0000-0002-0468-6420",2022-06-17 19:59:53
"186","doi:10.7281/T1/NT8FQN","0000-0002-0468-6420",2022-06-23 19:23:06
"187","doi:10.7281/T1/0JWMF0","0000-0002-0468-6420",2022-06-23 19:23:43
"188","doi:10.7281/T1/YUHUYN","0000-0002-0468-6420",2023-05-23 20:37:12
"189","doi:10.7281/T1/8VU7A2","0000-0002-0468-6420",2023-05-09 12:24:18
"190","doi:10.7281/T1/IHPXXR","0000-0001-9707-8004",2023-05-15 17:37:25
"191","doi:10.7281/T1/RE5GOK","0000-0001-9707-8004",2024-08-29 15:44:03
"192","doi:10.7281/T1/KTOG9W","0000-0002-9278-0854",2024-05-02 20:09:40
"193","doi:10.7281/T1/KOSYGQ","96",2017-06-29 12:50:41
"194","doi:10.7281/T1/ZHG9BB","0000-0002-5194-3055",2017-08-28 17:18:07
"195","doi:10.7281/T1/4AJ8Y1","0000-0002-5194-3055",2018-04-20 19:17:14
"196","doi:10.7281/T1/F1GCSB","97",2023-09-13 18:07:50
"197","doi:10.7281/T1/V4BATB","0000-0002-4859-1298",2024-07-31 13:11:09
"198","doi:10.7281/T1/SWU4P8","98",2023-08-08 17:47:21
"199","doi:10.7281/T1/VNFY91","0000-0001-7111-2489",2023-09-15 19:41:39
"200","doi:10.7281/T1/IVVFCM","0000-0003-1431-9832",2023-04-21 16:24:52
"201","doi:10.7281/T1/BMATHH","0000-0003-1431-9832",2021-09-28 11:30:17
"202","doi:10.7281/T1/NU0VS7","0000-0001-9121-532X",2024-01-02 13:15:55
"203","doi:10.7281/T1/B660D2","0000-0003-1469-8879",2022-09-12 20:36:56
"204","doi:10.7281/T1/OOMZS7","0000-0003-1469-8879",2022-06-06 13:59:37
"205","doi:10.7281/T15Q4T12","0000-0003-2502-3770",2015-08-25
"206","doi:10.7281/T1D798BQ","0000-0003-2502-3770",2016-06-01
"207","doi:10.7281/T1/4F90KQ","0000-0003-2502-3770",2020-04-09 12:26:47
"208","doi:10.7281/T1/87PH8T","0000-0003-2502-3770",2021-06-30 20:25:47
"209","doi:10.7281/T1/FWDYPW","0000-0003-2502-3770",2022-10-06 14:49:15
"210","doi:10.7281/T1/C6MCOX","0000-0003-2502-3770",2019-04-29 15:12:30
"211","doi:10.7281/T1/BCARLC","0000-0003-2502-3770",2020-10-12 21:05:06
"212","doi:10.7281/T1/UDTJPD","0000-0003-2502-3770",2020-02-20 18:10:12
"213","doi:10.7281/T1/AYTUVI","0000-0003-2502-3770",2018-08-03 18:25:59
"214","doi:10.7281/T1/XTSKOW","0000-0003-2502-3770",2017-09-19 13:08:30
"215","doi:10.7281/T1/DX9DL8","0000-0003-2502-3770",2018-11-12 18:48:14
"216","doi:10.7281/T1/QS3QFT","0000-0003-2502-3770",2024-03-26 20:35:29
"217","doi:10.7281/T1/F5PD42","0000-0003-2502-3770",2024-04-02 12:46:37
"218","doi:10.7281/T1/WYN7FI","0000-0003-2502-3770",2024-07-30 14:30:55
"219","doi:10.7281/T1/THLC8N","0000-0003-2502-3770",2024-03-13 19:56:44
"220","doi:10.7281/T1/IRMGH8","99",2024-02-28 12:19:18
"221","doi:10.7281/T1/XFNORD","100",2023-12-21 14:34:36
"222","doi:10.7281/T1/BNSVVD","0000-0002-8985-0372",2021-12-30 19:26:56
"223","doi:10.7281/T1/PIVKJ7","0000-0002-9348-0933",2023-11-16 15:58:05
"224","doi:10.7281/T1/XGVRX0","0000-0001-8739-2542",2022-06-23 16:11:51
"225","doi:10.7281/T1/WBR06U","101",2017-06-12 13:30:58
"226","doi:10.7281/T1/EAFMCT","102",2018-12-07 18:10:05
"227","doi:10.7281/T1/ONZHUS","103",2019-07-08 18:17:31
"228","doi:10.7281/T1/RTSGO0","0000-0001-7635-2705",2022-11-15 14:01:46
"229","doi:10.7281/T1/2DKJB2","0000-0001-7635-2705",2023-06-15 19:41:02
"230","doi:10.7281/T1/NLHSKE","0000-0002-1448-7919",2023-06-02 12:54:10
"231","doi:10.7281/T1/CZZDLJ","0000-0002-1139-9235",2017-06-22 13:24:47
"232","doi:10.7281/T1/MYJBMQ","104",2020-08-24 19:22:07
"233","doi:10.7281/T1/YXVVML","0000-0002-1139-9235",2017-08-16 16:55:42
"234","doi:10.7281/T19G5JRC","105",2015-10-22
"235","doi:10.7281/T1/C4RVLS","0000-0002-0509-5200",2024-01-09 16:15:38
"236","doi:10.7281/T1/7WXPIN","106",2019-10-08 13:57:17
"237","doi:10.7281/T1D798BQ","107",2016-06-01
"238","doi:10.7281/T1/XTSKOW","108",2017-09-19 13:08:30
"239","doi:10.7281/T1/WYN7FI","0000-0003-3111-8629",2024-07-30 14:30:55
"240","doi:10.7281/T1/IRMGH8","0000-0002-4494-8608",2024-02-28 12:19:18
"241","doi:10.7281/T1CC0XMT","109",2015-08-25
"242","doi:10.7281/T17P8W98","110",2015-08-25
"243","doi:10.7281/T1H41PBJ","111",2015-08-25
"244","doi:10.7281/T1/4RZTRN","112",2021-11-05 18:59:17
"245","doi:10.7281/T1/2QCZXM","113",2024-02-06 19:41:07
"246","doi:10.7281/T1/SWU4P8","114",2023-08-08 17:47:21
"247","doi:10.7281/T1/AGLFQ2","0000-0002-4584-4819",2024-03-18 18:32:52
"248","doi:10.7281/T1/U5GUV3","0000-0002-0439-9982",2023-08-16 16:21:51
"249","doi:10.7281/T1/EAFMCT","115",2018-12-07 18:10:05
"250","doi:10.7281/T1/ONZHUS","116",2019-07-08 18:17:31
"251","doi:10.7281/T1/UXPNT5","117",2022-04-08 17:18:45
"252","doi:10.7281/T1/T81CEP","118",2020-06-24 15:26:45
"253","doi:10.7281/T1/7WS8AD","0000-0003-0481-7475",2020-12-03 18:22:39
"254","doi:10.7281/T1/W2AG3A","0000-0003-0481-7475",2020-11-12 20:15:42
"255","doi:10.7281/T1/LW2H2F","0000-0003-0481-7475",2019-11-26 16:27:19
"256","doi:10.7281/T1/VSW3JU","119",2021-05-26 20:32:48
"257","doi:10.7281/T1/OTISGL","0000-0003-4393-0403",2023-09-25 20:25:14
"258","doi:10.7281/T1/RTSGO0","0000-0001-6161-5525",2022-11-15 14:01:46
"259","doi:10.7281/T1/0L0OA0","0000-0001-5933-6308",2023-05-08 22:56:03
"260","doi:10.7281/T1/SP6KO3","0000-0001-5973-0524",2017-11-22 19:46:20
"261","doi:10.7281/T1/E70MXR","0000-0002-8685-0027",2021-01-07 17:45:16
"262","doi:10.7281/T1/I3ILXO","120",2020-04-17 15:29:44
"263","doi:10.7281/T1/EQKCFP","121",2023-10-20 13:46:16
"264","doi:10.7281/T1/H1ZPLI","122",2023-07-06 16:00:37
"265","doi:10.7281/T1/FPN6MI","123",2023-08-03 20:18:29
"266","doi:10.7281/T17P8W98","0000-0002-6115-9811",2015-08-25
"267","doi:10.7281/T1/VEORXP","0000-0001-8641-755X",2024-07-10 12:59:20
"268","doi:10.7281/T1/IZMSNX","124",2024-07-29 16:28:32
"269","doi:10.7281/T1057CVH","125",2015-08-25
"270","doi:10.7281/T1154F09","126",2015-08-25
"271","doi:10.7281/T1/SQ6FO9","127",2018-08-24 14:54:41
"272","doi:10.7281/T1/U5GUV3","0000-0002-1731-0879",2023-08-16 16:21:51
"273","doi:10.7281/T1/IRMGH8","0000-0002-8860-3484",2024-02-28 12:19:18
"274","doi:10.7281/T1/NL3HTW","128",2023-05-16 18:53:51
"275","doi:10.7281/T1/7IXSOP","0000-0003-0936-0865",2022-09-23 16:12:59
"276","doi:10.7281/T1/7IXSOP","129",2022-09-23 16:12:59
"277","doi:10.7281/T1JW8BSS","130",2020-10-30 18:26:13
"278","doi:10.7281/T1/FPN6MI","0000-0003-1113-4103",2023-08-03 20:18:29
"279","doi:10.7281/T1/HRK27V","0000-0002-1432-5952",2022-03-07 20:18:52
"280","doi:10.7281/T1/FPN6MI","131",2023-08-03 20:18:29
"281","doi:10.7281/T1/6Y08LS","0000-0002-8383-4259",2018-08-22 19:06:03
"282","doi:10.7281/T1/HVRF8B","0000-0002-8383-4259",2021-10-25 15:35:24
"283","doi:10.7281/T1/IRMGH8","132",2024-02-28 12:19:18
"284","doi:10.7281/T1/RDLYMJ","133",2024-09-13 19:49:27
"285","doi:10.7281/T1/GH4EF2","134",2021-02-22 21:23:35
"286","doi:10.7281/T1/4WX5QC","135",2021-07-19 20:41:03
"287","doi:10.7281/T1/7IXSOP","0000-0002-0773-7473",2022-09-23 16:12:59
"288","doi:10.7281/T1/UMDMQK","136",2019-05-30 19:51:49
"289","doi:10.7281/T1/EM61IB","137",2019-05-30 19:52:02
"290","doi:10.7281/T1/H1ZPLI","0000-0003-1139-3711",2023-07-06 16:00:37
"291","doi:10.7281/T1/FPN6MI","0000-0003-1139-3711",2023-08-03 20:18:29
"292","doi:10.7281/T1/EQKCFP","0000-0003-1139-3711",2023-10-20 13:46:16
"293","doi:10.7281/T1/AGLFQ2","0000-0002-8296-537X",2024-03-18 18:32:52
"294","doi:10.7281/T1/NTWJAR","138",2024-02-23 20:28:34
"295","doi:10.7281/T1/WYN7FI","139",2024-07-30 14:30:55
"296","doi:10.7281/T1/C4RVLS","0000-0002-1267-8156",2024-01-09 16:15:38
"297","doi:10.7281/T1/D06YVM","140",2017-07-12 18:28:45
"298","doi:10.7281/T1/PIVKJ7","141",2023-11-16 15:58:05
"299","doi:10.7281/T1/BXJT0B","0000-0001-7190-7396",2021-12-21 17:56:17
"300","doi:10.7281/T1/KTOG9W","0000-0002-6621-6096",2024-05-02 20:09:40
"301","doi:10.7281/T1D798BQ","142",2016-06-01
"302","doi:10.7281/T1/C6MCOX","0000-0001-6447-5425",2019-04-29 15:12:30
"303","doi:10.7281/T1/XTSKOW","0000-0001-6447-5425",2017-09-19 13:08:30
"304","doi:10.7281/T1/DX9DL8","0000-0001-6447-5425",2018-11-12 18:48:14
"305","doi:10.7281/T1/QS3QFT","0000-0001-6447-5425",2024-03-26 20:35:29
"306","doi:10.7281/T1/F5PD42","0000-0001-6447-5425",2024-04-02 12:46:37
"307","doi:10.7281/T1/UDTJPD","0000-0001-6447-5425",2020-02-20 18:10:12
"308","doi:10.7281/T1RN35S8","0000-0001-9397-4282",2015-08-25
"309","doi:10.7281/T1/XGVRX0","0000-0001-5680-6554",2022-06-23 16:11:51
"310","doi:10.7281/T1/4F90KQ","143",2020-04-09 12:26:47
"311","doi:10.7281/T1/KTOG9W","0000-0003-3901-4357",2024-05-02 20:09:40
"312","doi:10.7281/T1/PIVKJ7","144",2023-11-16 15:58:05
"313","doi:10.7281/T1/8OFLMF","0000-0003-3851-3218",2022-06-17 19:59:53
"314","doi:10.7281/T1/NT8FQN","0000-0003-3851-3218",2022-06-23 19:23:06
"315","doi:10.7281/T1/0JWMF0","145",2022-06-23 19:23:43
"316","doi:10.7281/T1/YUHUYN","0000-0003-3851-3218",2023-05-23 20:37:12
"317","doi:10.7281/T1/8VU7A2","0000-0003-3851-3218",2023-05-09 12:24:18
"318","doi:10.7281/T1/KWDKME","0000-0003-3851-3218",2024-04-11 15:30:47
"319","doi:10.7281/T1/IVVFCM","146",2023-04-21 16:24:52
"320","doi:10.7281/T1/2PGJQU","0000-0001-6798-8381",2023-03-08 20:14:56
"321","doi:10.7281/T1/IFSXNV","0000-0001-6798-8381",2020-10-15 12:47:22
"322","doi:10.7281/T1/C304HZ","147",2022-03-30 19:24:13
"323","doi:10.7281/T1/2QCZXM","148",2024-02-06 19:41:07
"324","doi:10.7281/T1/QGOMA0","0000-0002-9794-5056",2020-05-13 17:30:30
"325","doi:10.7281/T1/LJ9FLW","0000-0002-9794-5056",2022-04-19 11:56:18
"326","doi:10.7281/T1/TLEBVW","0000-0003-0330-415X",2017-12-20 18:16:30
"327","doi:10.7281/T1/K08BJZ","149",2022-09-06 17:25:29
"328","doi:10.7281/T1MW2F2Z","0000-0002-8542-4835",2015-08-25
"329","doi:10.7281/T1CC0XMT","0000-0002-8542-4835",2015-08-25
"330","doi:10.7281/T17P8W98","0000-0002-8542-4835",2015-08-25
"331","doi:10.7281/T1H41PBJ","0000-0002-8542-4835",2015-08-25
"332","doi:10.7281/T1RN35S8","0000-0002-8542-4835",2015-08-25
"333","doi:10.7281/T1WD3XHM","0000-0002-8542-4835",2015-08-25
"334","doi:10.7281/T1/KOTDPY","0000-0001-9635-7220",2024-08-30 14:03:32
"335","doi:10.7281/T1/4F90KQ","150",2020-04-09 12:26:47
"336","doi:10.7281/T1/4RZTRN","151",2021-11-05 18:59:17
"337","doi:10.7281/T1/AGLFQ2","0000-0002-7617-3544",2024-03-18 18:32:52
"338","doi:10.7281/T1/8BOXVM","0000-0002-3704-9217",2023-07-06 17:19:37
"339","doi:10.7281/T1/OY2X8T","0000-0001-9723-8530",2023-03-29 19:01:43
"340","doi:10.7281/T1/NTWJAR","0000-0002-6552-3297",2024-02-23 20:28:34
"341","doi:10.7281/T1/IVVFCM","0000-0002-6552-3297",2023-04-21 16:24:52
"342","doi:10.7281/T1/7IXSOP","152",2022-09-23 16:12:59
"343","doi:10.7281/T1/VEORXP","0000-0003-3135-658X",2024-07-10 12:59:20
"344","doi:10.7281/T1/IJO1FU","0000-0001-5784-1116",2020-03-20 20:32:52
"345","doi:10.7281/T1/BNSVVD","0000-0001-5784-1116",2021-12-30 19:26:56
"346","doi:10.7281/T1/DG7RDP","0000-0001-5784-1116",2019-01-23 14:37:33
"347","doi:10.7281/T1/K08BJZ","0000-0001-5784-1116",2022-09-06 17:25:29
"348","doi:10.7281/T1/NL3HTW","0000-0001-5784-1116",2023-05-16 18:53:51
"349","doi:10.7281/T1/IWOVKD","0000-0001-5784-1116",2018-11-08 13:39:55
"350","doi:10.7281/T1/FIS2QT","0000-0001-5784-1116",2020-06-17 13:26:05
"351","doi:10.7281/T1/AUBBJD","0000-0001-5784-1116",2020-08-28 15:17:53
"352","doi:10.7281/T1/1ECVB0","0000-0001-5784-1116",2020-04-09 20:50:28
"353","doi:10.7281/T1/T3SA2Z","153",2020-04-13 21:12:23
"354","doi:10.7281/T1/IRMGH8","154",2024-02-28 12:19:18
"355","doi:10.7281/T1/VNFY91","0000-0002-9707-350X",2023-09-15 19:41:39
"356","doi:10.7281/T1/EHSEV2","0000-0002-9707-350X",2023-04-03 14:00:46
"357","doi:10.7281/T1/NU0VS7","0000-0002-9707-350X",2024-01-02 13:15:55
"358","doi:10.7281/T1PN93HH","155",2020-10-30 18:26:04
"359","doi:10.7281/T1/FPN6MI","0000-0002-6799-1561",2023-08-03 20:18:29
"360","doi:10.7281/T1/PIVKJ7","0000-0002-9936-7034",2023-11-16 15:58:05
"361","doi:10.7281/T1/AGLFQ2","0000-0001-9234-2806",2024-03-18 18:32:52
"362","doi:10.7281/T1/0HWVS1","156",2024-06-28 14:02:28
"363","doi:10.7281/T1/KOSYGQ","157",2017-06-29 12:50:41
"364","doi:10.7281/T1/IVVFCM","0000-0002-5550-0286",2023-04-21 16:24:52
"365","doi:10.7281/T1/BMATHH","0000-0002-5550-0286",2021-09-28 11:30:17
"366","doi:10.7281/T1/D06YVM","158",2017-07-12 18:28:45
"367","doi:10.7281/T1/WYN7FI","0000-0003-2735-4725",2024-07-30 14:30:55
"368","doi:10.7281/T1/EOPWE4","159",2019-06-26 17:27:07
"369","doi:10.7281/T1/2PGJQU","0000-0003-3386-5839",2023-03-08 20:14:56
"370","doi:10.7281/T1/IFSXNV","0000-0003-3386-5839",2020-10-15 12:47:22
"371","doi:10.7281/T1/C304HZ","0000-0003-3386-5839",2022-03-30 19:24:13
"372","doi:10.7281/T1/KTOG9W","0000-0002-8271-1281",2024-05-02 20:09:40
"373","doi:10.7281/T1/7WXPIN","160",2019-10-08 13:57:17
"374","doi:10.7281/T1/NH6EGH","0000-0002-4471-9565",2021-07-12 20:08:01
"375","doi:10.7281/T1/QS3QFT","0000-0001-6655-7862",2024-03-26 20:35:29
"376","doi:10.7281/T19G5JRC","0000-0001-8525-340X",2015-10-22
"377","doi:10.7281/T1/YZKNJ6","161",2024-02-22 19:52:00
"378","doi:10.7281/T1/KTOG9W","162",2024-05-02 20:09:40
"379","doi:10.7281/T1/L8UP2G","0000-0001-6769-7322",2018-04-17 20:37:48
"380","doi:10.7281/T1F769G3","163",2023-03-16 15:12:56
"381","doi:10.7281/T1/SP6KO3","164",2017-11-22 19:46:20
"382","doi:10.7281/T1/HRK27V","0000-0002-7846-9226",2022-03-07 20:18:52
"383","doi:10.7281/T1/C4RVLS","165",2024-01-09 16:15:38
"384","doi:10.7281/T1/CGBG4F","0000-0003-4580-9893",2024-06-03 14:49:17
"385","doi:10.7281/T1/87PH8T","0000-0002-5658-8654",2021-06-30 20:25:47
"386","doi:10.7281/T1/FWDYPW","0000-0002-5658-8654",2022-10-06 14:49:15
"387","doi:10.7281/T1/QQ77OB","0000-0002-5658-8654",2022-09-27 20:22:01
"388","doi:10.7281/T1/860JVB","166",2023-05-23 20:36:46
"389","doi:10.7281/T1/1MQMFC","0009-0006-5089-717X",2023-05-23 20:37:37
"390","doi:10.7281/T1/QISGRU","0000-0002-7993-4214",2021-01-26 16:20:06
"391","doi:10.7281/T1/6I0KPP","0000-0002-7993-4214",2022-07-05 21:07:35
"392","doi:10.7281/T1/NTWJAR","0000-0002-1757-5009",2024-02-23 20:28:34
"393","doi:10.7281/T1/GH4EF2","167",2021-02-22 21:23:35
"394","doi:10.7281/T1/NT8FQN","0000-0002-6140-4522",2022-06-23 19:23:06
"395","doi:10.7281/T1/0JWMF0","168",2022-06-23 19:23:43
"396","doi:10.7281/T1/D3EV75","0000-0002-6140-4522",2022-05-24 12:27:31
"397","doi:10.7281/T1/5UEIRG","169",2022-05-24 12:26:25
"398","doi:10.7281/T1/M4FJUL","170",2021-03-18 15:19:14
"399","doi:10.7281/T1/8VU7A2","0000-0002-6140-4522",2023-05-09 12:24:18
"400","doi:10.7281/T1/OY2X8T","171",2023-03-29 19:01:43
"401","doi:10.7281/T1MW2F2Z","0000-0002-3039-9206",2015-08-25
"402","doi:10.7281/T1RN35S8","0000-0002-3039-9206",2015-08-25
"403","doi:10.7281/T1WD3XHM","172",2015-08-25
"404","doi:10.7281/T1/CZDPSX","173",2019-09-18 15:58:57
"405","doi:10.7281/T1/UZIT7C","0000-0003-2298-8382",2023-12-05 19:53:32
"406","doi:10.7281/T1/VNFY91","0000-0002-9334-9839",2023-09-15 19:41:39
"407","doi:10.7281/T1/EHSEV2","0000-0002-9334-9839",2023-04-03 14:00:46
"408","doi:10.7281/T1/C4RVLS","0000-0003-0453-0300",2024-01-09 16:15:38
"409","doi:10.7281/T1/UP8RWD","0000-0002-0205-7161",2023-12-07 20:11:09
"410","doi:10.7281/T1/FTCWPF","174",2020-04-22 16:05:42
"411","doi:10.7281/T18G8HM0","0000-0002-3185-002X",2023-06-08 12:11:46
"412","doi:10.7281/T1/NU0VS7","0000-0002-3185-002X",2024-01-02 13:15:55
"413","doi:10.7281/T1/OM3OMQ","0000-0002-3185-002X",2017-10-23 17:22:25
"414","doi:10.7281/T1/D06YVM","175",2017-07-12 18:28:45
"415","doi:10.7281/T1/QXKY4B","0000-0002-7907-8139",2021-09-03 19:07:03
"416","doi:10.7281/T1/VWQ4J3","176",2020-04-01 17:02:54
"417","doi:10.7281/T1/L8UP2G","0000-0001-6936-0213",2018-04-17 20:37:48
"418","doi:10.7281/T1/FN9EH6","177",2017-04-03 18:11:57
"419","doi:10.7281/T1/ZHG9BB","178",2017-08-28 17:18:07
"420","doi:10.7281/T19G5JRC","0000-0002-9176-3278",2015-10-22
"421","doi:10.7281/T1F769G3","0000-0002-9176-3278",2023-03-16 15:12:56
"422","doi:10.7281/T1/X4MXHC","179",2022-04-07 16:35:56
"423","doi:10.7281/T1/TP9B4Y","180",2018-06-13 13:46:01
"424","doi:10.7281/T1/BXJT0B","0000-0002-6694-0965",2021-12-21 17:56:17
"425","doi:10.7281/T1/QGOMA0","0000-0002-6694-0965",2020-05-13 17:30:30
"426","doi:10.7281/T1/LJ9FLW","0000-0002-6694-0965",2022-04-19 11:56:18
"427","doi:10.7281/T1/NEACHP","0000-0002-6694-0965",2023-01-06 23:39:14
"428","doi:10.7281/T1/ZPJZJC","181",2021-10-13 12:17:00
"429","doi:10.7281/T1/KTOG9W","182",2024-05-02 20:09:40
"430","doi:10.7281/T1/0HWVS1","183",2024-06-28 14:02:28
"431","doi:10.7281/T1/OSQSMY","184",2018-08-17 13:15:49
"432","doi:10.7281/T1/IFSXNV","0000-0003-2869-8773",2020-10-15 12:47:22
"433","doi:10.7281/T1/C304HZ","0000-0003-2869-8773",2022-03-30 19:24:13
"434","doi:10.7281/T19G5JRC","185",2015-10-22
"435","doi:10.7281/T1/7WXPIN","186",2019-10-08 13:57:17
"436","doi:10.7281/T1/EAFMCT","187",2018-12-07 18:10:05
"437","doi:10.7281/T1/ONZHUS","0000-0003-2057-2463",2019-07-08 18:17:31
"438","doi:10.7281/T1/QXKY4B","0000-0001-6004-5655",2021-09-03 19:07:03
"439","doi:10.7281/T10Z715B","188",2016-10-28
"440","doi:10.7281/T1/IM9BZI","0000-0002-4893-4561",2024-04-22 18:43:06
"441","doi:10.7281/T1/AGLFQ2","0000-0002-5379-1614",2024-03-18 18:32:52
"442","doi:10.7281/T1F769G3","189",2023-03-16 15:12:56
"443","doi:10.7281/T19G5JRC","190",2015-10-22
"444","doi:10.7281/T1/B660D2","0000-0001-9939-0640",2022-09-12 20:36:56
"445","doi:10.7281/T1/OOMZS7","0000-0001-9939-0640",2022-06-06 13:59:37
"446","doi:10.7281/T1/K08BJZ","191",2022-09-06 17:25:29
"447","doi:10.7281/T1/HRK27V","0000-0002-4486-3057",2022-03-07 20:18:52
"448","doi:10.7281/T1H41PBJ","192",2015-08-25
"449","doi:10.7281/T1/L8UP2G","193",2018-04-17 20:37:48
"450","doi:10.7281/T1/QXKY4B","0000-0003-1783-3597",2021-09-03 19:07:03
"451","doi:10.7281/T1/XZ0CGJ","0000-0003-1783-3597",2021-07-30 16:56:47
"452","doi:10.7281/T1/KV9KNX","194",2019-04-08 18:51:56
"453","doi:10.7281/T1/QS3QFT","195",2024-03-26 20:35:29
"454","doi:10.7281/T1/EAFMCT","196",2018-12-07 18:10:05
"455","doi:10.7281/T1/ONZHUS","0000-0002-9422-0519",2019-07-08 18:17:31
"456","doi:10.7281/T1/K08BJZ","197",2022-09-06 17:25:29
"457","doi:10.7281/T1/NL3HTW","0000-0003-3321-5959",2023-05-16 18:53:51
"458","doi:10.7281/T1/VZZOJB","0000-0002-1119-6905",2021-03-02 14:37:44
"459","doi:10.7281/T1/KOTDPY","0000-0002-4651-0079",2024-08-30 14:03:32
"460","doi:10.7281/T1/UP8RWD","0000-0001-6853-3805",2023-12-07 20:11:09
"461","doi:10.7281/T1/N1X6I4","198",2021-02-04 22:20:30
"462","doi:10.7281/T1/NH6EGH","0000-0003-2399-4653",2021-07-12 20:08:01
"463","doi:10.7281/T1/CZZDLJ","0000-0002-3403-743X",2017-06-22 13:24:47
"464","doi:10.7281/T1/YXVVML","199",2017-08-16 16:55:42
"465","doi:10.7281/T1/MYJBMQ","200",2020-08-24 19:22:07
"466","doi:10.7281/T1/D3EV75","201",2022-05-24 12:27:31
"467","doi:10.7281/T1/8VU7A2","202",2023-05-09 12:24:18
"468","doi:10.7281/T1/WVDKQI","0000-0003-4274-4406",2023-12-11 20:33:49
"469","doi:10.7281/T1/KTOG9W","0000-0003-4672-1981",2024-05-02 20:09:40
"470","doi:10.7281/T1/GH4EF2","203",2021-02-22 21:23:35
"471","doi:10.7281/T1/0JWMF0","204",2022-06-23 19:23:43
"472","doi:10.7281/T1/2PGJQU","205",2023-03-08 20:14:56
"473","doi:10.7281/T1/EP0W7Y","0000-0002-6838-3701",2020-10-28 17:40:02
"474","doi:10.7281/T1/LR1FMH","206",2021-07-30 17:40:19
"475","doi:10.7281/T1/NLHSKE","0000-0002-5274-1068",2023-06-02 12:54:10
"476","doi:10.7281/T1/KV9KNX","207",2019-04-08 18:51:56
"477","doi:10.7281/T1/WYN7FI","208",2024-07-30 14:30:55
"478","doi:10.7281/T1/WBR06U","0000-0002-3826-0735",2017-06-12 13:30:58
"479","doi:10.7281/T1F769G3","209",2023-03-16 15:12:56
"480","doi:10.7281/T1/CCC69H","0000-0003-0968-208X",2021-03-23 16:40:40
"481","doi:10.7281/T1/AVOEQR","0000-0002-1927-0970",2023-10-12 07:54:20
"482","doi:10.7281/T1/DTCK4M","210",2021-09-09 17:10:19
"483","doi:10.7281/T1/LJ9FLW","0000-0003-4596-0702",2022-04-19 11:56:18
"484","doi:10.7281/T1/TP9B4Y","0000-0003-4596-0702",2018-06-13 13:46:01
"485","doi:10.7281/T1/BXJT0B","0000-0003-4596-0702",2021-12-21 17:56:17
"486","doi:10.7281/T1/QGOMA0","0000-0003-4596-0702",2020-05-13 17:30:30
"487","doi:10.7281/T1/NEACHP","0000-0003-4596-0702",2023-01-06 23:39:14
"488","doi:10.7281/T1/CUEL0W","0000-0002-7957-7624",2021-08-25 16:31:48
"489","doi:10.7281/T1/VZYIRV","0000-0002-4791-4593",2023-04-17 20:12:24
"490","doi:10.7281/T1/7VKY8K","211",2018-06-04 19:57:46
"491","doi:10.7281/T1/YXVVML","212",2017-08-16 16:55:42
"492","doi:10.7281/T1RF5RZ7","213",2016-08-02
"493","doi:10.7281/T1/7WS8AD","214",2020-12-03 18:22:39
"494","doi:10.7281/T1/VSW3JU","215",2021-05-26 20:32:48
"495","doi:10.7281/T1/KTOG9W","0000-0002-2930-5276",2024-05-02 20:09:40
"496","doi:10.7281/T1/AOTRD6","0000-0002-2930-5276",2024-06-27 20:51:31
"497","doi:10.7281/T1/0HWVS1","0000-0002-2930-5276",2024-06-28 14:02:28
"498","doi:10.7281/T1/BXJT0B","0000-0003-1629-6478",2021-12-21 17:56:17
"499","doi:10.7281/T1/IVVFCM","216",2023-04-21 16:24:52
"500","doi:10.7281/T1/I9NL60","0000-0003-4266-7973",2022-03-17 19:13:07
"501","doi:10.7281/T1/FPN6MI","217",2023-08-03 20:18:29
"502","doi:10.7281/T1/TNHLOJ","0000-0001-6886-1454",2018-12-04 18:10:52
"503","doi:10.7281/T1/M4FJUL","218",2021-03-18 15:19:14
"504","doi:10.7281/T1/3XLWZX","0000-0001-8218-2482",2019-03-14 14:14:39
"505","doi:10.7281/T1/ZOW11X","0000-0001-8218-2482",2021-02-01 15:16:20
"506","doi:10.7281/T1/KCIPSB","0000-0001-8218-2482",2021-02-01 15:15:59
"507","doi:10.7281/T1/AGLFQ2","0000-0002-3811-4973",2024-03-18 18:32:52
"508","doi:10.7281/T1/XTSKOW","219",2017-09-19 13:08:30
"509","doi:10.7281/T1/THLC8N","0000-0003-4321-6816",2024-03-13 19:56:44
"510","doi:10.7281/T1/F1GCSB","0000-0003-3413-2530",2023-09-13 18:07:50
"511","doi:10.7281/T1/EQKCFP","220",2023-10-20 13:46:16
"512","doi:10.7281/T1/H1ZPLI","221",2023-07-06 16:00:37
"513","doi:10.7281/T1/9VJGPI","0000-0002-0587-9355",2023-09-05 16:08:55
"514","doi:10.7281/T1/J8UWFU","222",2024-05-03 17:43:49
"515","doi:10.7281/T1/U5GUV3","0000-0003-2683-9157",2023-08-16 16:21:51
"516","doi:10.7281/T1/RE5GOK","223",2024-08-29 15:44:03
"517","doi:10.7281/T1/U5GUV3","224",2023-08-16 16:21:51
"518","doi:10.7281/T1/RE5GOK","225",2024-08-29 15:44:03
"519","doi:10.7281/T1/KWDKME","226",2024-04-11 15:30:47
"520","doi:10.7281/T1/RTSGO0","0000-0001-9173-1084",2022-11-15 14:01:46
"521","doi:10.7281/T1/CUEL0W","0000-0002-5877-5138",2021-08-25 16:31:48
"522","doi:10.7281/T1/NH6EGH","227",2021-07-12 20:08:01
"523","doi:10.7281/T1/AGLFQ2","228",2024-03-18 18:32:52
"524","doi:10.7281/T1/UIJLZO","0000-0002-5590-4889",2024-02-27 14:26:57
"525","doi:10.7281/T1/8VU7A2","229",2023-05-09 12:24:18
"526","doi:10.7281/T1/GTUUUG","0000-0002-0221-3208",2024-07-08 13:12:05
"527","doi:10.7281/T1/KTOG9W","230",2024-05-02 20:09:40
"528","doi:10.7281/T1/K08BJZ","231",2022-09-06 17:25:29
"529","doi:10.7281/T1/QUDBC6","232",2023-06-12 21:06:25
"530","doi:10.7281/T1F769G3","233",2023-03-16 15:12:56
"531","doi:10.7281/T1F769G3","0000-0003-0335-4982",2023-03-16 15:12:56
"532","doi:10.7281/T1/1ECVB0","0000-0001-6703-9899",2020-04-09 20:50:28
"533","doi:10.7281/T1/XGVRX0","234",2022-06-23 16:11:51
"534","doi:10.7281/T1/SWU4P8","235",2023-08-08 17:47:21
"535","doi:10.7281/T1/VAQP5N","236",2018-10-24 15:06:55
"536","doi:10.7281/T1/GTUUUG","237",2024-07-08 13:12:05
"537","doi:10.7281/T1/WBR06U","0000-0001-7246-745X",2017-06-12 13:30:58
"538","doi:10.7281/T1/VCPZIK","0000-0001-7246-745X",2021-08-05 21:44:39
"539","doi:10.7281/T1/V3Z6DD","238",2019-01-23 20:57:15
"540","doi:10.7281/T1/EAFMCT","239",2018-12-07 18:10:05
"541","doi:10.7281/T1/ONZHUS","240",2019-07-08 18:17:31
"542","doi:10.7281/T1/DP2U9M","241",2019-07-10 18:25:43
"543","doi:10.7281/T1/7WS8AD","242",2020-12-03 18:22:39
"544","doi:10.7281/T1/VSW3JU","243",2021-05-26 20:32:48
"545","doi:10.7281/T1/IRL0IE","0009-0001-2615-3617",2024-07-19 14:14:00
"546","doi:10.7281/T1/SMICE5","0000-0002-7529-5435",2024-01-29 20:22:57
"547","doi:10.7281/T1/J8UWFU","0000-0002-7529-5435",2024-05-03 17:43:49
"548","doi:10.7281/T1/VXGDYH","0000-0002-7529-5435",2023-09-15 15:16:56
"549","doi:10.7281/T1/ORP47N","0000-0002-7529-5435",2023-10-12 20:05:53
"550","doi:10.7281/T19G5JRC","244",2015-10-22
"551","doi:10.7281/T1/AGLFQ2","0000-0003-1596-2299",2024-03-18 18:32:52
"552","doi:10.7281/T1/7WS8AD","0000-0002-2347-4183",2020-12-03 18:22:39
"553","doi:10.7281/T1/VSW3JU","0000-0002-2347-4183",2021-05-26 20:32:48
"554","doi:10.7281/T1/BIJWVL","0000-0002-3190-2475",2019-03-12 11:16:00
"555","doi:10.7281/T1/KV9KNX","0000-0002-3190-2475",2019-04-08 18:51:56
"556","doi:10.7281/T1/WBR06U","0000-0002-3190-2475",2017-06-12 13:30:58
"557","doi:10.7281/T1/CZZDLJ","0000-0002-3190-2475",2017-06-22 13:24:47
"558","doi:10.7281/T1/YXVVML","0000-0002-3190-2475",2017-08-16 16:55:42
"559","doi:10.7281/T1/YI383C","245",2017-08-16 16:55:31
"560","doi:10.7281/T1/7VKY8K","0000-0002-3190-2475",2018-06-04 19:57:46
"561","doi:10.7281/T1/V3Z6DD","0000-0002-3190-2475",2019-01-23 20:57:15
"562","doi:10.7281/T1/ZOW11X","0000-0002-3190-2475",2021-02-01 15:16:20
"563","doi:10.7281/T1/GH4EF2","246",2021-02-22 21:23:35
"564","doi:10.7281/T1/KCIPSB","0000-0002-3190-2475",2021-02-01 15:15:59
"565","doi:10.7281/T1/4WX5QC","247",2021-07-19 20:41:03
"566","doi:10.7281/T1/EWN8ZN","0000-0002-3190-2475",2021-07-19 21:01:24
"567","doi:10.7281/T1/ENWXRU","0000-0002-3190-2475",2022-06-14 15:38:26
"568","doi:10.7281/T1/8OFLMF","0000-0002-0468-6420",2022-06-17 19:59:53
"569","doi:10.7281/T1RF5RZ7","0000-0002-3190-2475",2016-08-02
"570","doi:10.7281/T1/MYJBMQ","248",2020-08-24 19:22:07
"571","doi:10.7281/T1/CRHEAH","0000-0002-3190-2475",2020-08-24 19:08:33
"572","doi:10.7281/T1/BT02SS","249",2021-07-19 20:18:07
"573","doi:10.7281/T1/VCPZIK","0000-0002-3190-2475",2021-08-05 21:44:39
"574","doi:10.7281/T1/PG105Y","0000-0002-3190-2475",2022-04-21 14:45:06
"575","doi:10.7281/T1/NT8FQN","0000-0002-3190-2475",2022-06-23 19:23:06
"576","doi:10.7281/T1/0JWMF0","0000-0002-3190-2475",2022-06-23 19:23:43
"577","doi:10.7281/T1/D3EV75","0000-0002-3190-2475",2022-05-24 12:27:31
"578","doi:10.7281/T1/5UEIRG","0000-0002-3190-2475",2022-05-24 12:26:25
"579","doi:10.7281/T1/YUHUYN","0000-0002-3190-2475",2023-05-23 20:37:12
"580","doi:10.7281/T1/1MQMFC","0000-0002-3190-2475",2023-05-23 20:37:37
"581","doi:10.7281/T1/M4FJUL","250",2021-03-18 15:19:14
"582","doi:10.7281/T1/V5DLIW","0000-0002-3190-2475",2023-05-23 20:35:43
"583","doi:10.7281/T1/UJO8EZ","0000-0002-3190-2475",2023-12-12 14:36:47
"584","doi:10.7281/T1/XNZRR8","0000-0002-3190-2475",2022-04-21 14:44:27
"585","doi:10.7281/T1/KGCGBM","0000-0002-3190-2475",2023-05-09 12:21:59
"586","doi:10.7281/T1/C8BCOW","0000-0002-3190-2475",2024-02-27 14:23:24
"587","doi:10.7281/T1/L4QB1Z","0000-0002-3190-2475",2022-04-19 19:15:56
"588","doi:10.7281/T1/UIJLZO","0000-0002-3190-2475",2024-02-27 14:26:57
"589","doi:10.7281/T1/XGVRX0","0000-0001-8739-2542",2022-06-23 16:11:51
"590","doi:10.7281/T1/860JVB","0000-0002-3190-2475",2023-05-23 20:36:46
"591","doi:10.7281/T1/WVDKQI","0000-0002-3190-2475",2023-12-11 20:33:49
"592","doi:10.7281/T1/8VU7A2","0000-0002-3190-2475",2023-05-09 12:24:18
"593","doi:10.7281/T1/KWDKME","0000-0002-3190-2475",2024-04-11 15:30:47
"594","doi:10.7281/T1/2K70CX","0000-0002-5997-7823",2020-01-13 15:17:50
"595","doi:10.7281/T1/8DBUAP","251",2023-07-13 17:40:06
"596","doi:10.7281/T1/KTOG9W","252",2024-05-02 20:09:40
"597","doi:10.7281/T1/YOFR1E","253",2019-06-26 17:38:15
"598","doi:10.7281/T1/SP6KO3","254",2017-11-22 19:46:20
"599","doi:10.7281/T1/NEACHP","0000-0002-1337-9051",2023-01-06 23:39:14
"600","doi:10.7281/T1/7WS8AD","0000-0002-0083-422X",2020-12-03 18:22:39
"601","doi:10.7281/T1/VSW3JU","0000-0002-0083-422X",2021-05-26 20:32:48
"602","doi:10.7281/T1/EHSEV2","0000-0002-2273-8263",2023-04-03 14:00:46
"603","doi:10.7281/T1/2K70CX","255",2020-01-13 15:17:50
"604","doi:10.7281/T1RN35S8","0000-0001-5854-8886",2015-08-25
"605","doi:10.7281/T1F769G3","256",2023-03-16 15:12:56
"606","doi:10.7281/T1/2PGJQU","0000-0003-2511-7929",2023-03-08 20:14:56
"607","doi:10.7281/T1JW8BSS","257",2020-10-30 18:26:13
"608","doi:10.7281/T1/1ECVB0","0000-0002-5659-1394",2020-04-09 20:50:28
"609","doi:10.7281/T1/DG7RDP","258",2019-01-23 14:37:33
"610","doi:10.7281/T1JW8BSS","259",2020-10-30 18:26:13
"611","doi:10.7281/T1/RE5GOK","260",2024-08-29 15:44:03
"612","doi:10.7281/T1/QQ77OB","0000-0001-5002-2863",2022-09-27 20:22:01
"613","doi:10.7281/T1/7WS8AD","0000-0003-2971-216X",2020-12-03 18:22:39
"614","doi:10.7281/T1/VSW3JU","0000-0003-2971-216X",2021-05-26 20:32:48
"615","doi:10.7281/T1/UIJLZO","261",2024-02-27 14:26:57
"616","doi:10.7281/T1/KWDKME","262",2024-04-11 15:30:47
"617","doi:10.7281/T1/IRMGH8","263",2024-02-28 12:19:18
"618","doi:10.7281/T1/IRMGH8","264",2024-02-28 12:19:18
"619","doi:10.7281/T1/VAQP5N","265",2018-10-24 15:06:55
"620","doi:10.7281/T1/THLC8N","0000-0002-1796-2930",2024-03-13 19:56:44
"621","doi:10.7281/T1/UP8RWD","0000-0002-2495-5034",2023-12-07 20:11:09
"622","doi:10.7281/T1/WBR06U","0000-0002-0516-6945",2017-06-12 13:30:58
"623","doi:10.7281/T14Q7RW8","0000-0001-8960-4297",2016-07-14
"624","doi:10.7281/T1F769G3","266",2023-03-16 15:12:56
"625","doi:10.7281/T1RF5RZ7","267",2016-08-02
"626","doi:10.7281/T1/OY2X8T","0000-0001-7562-5513",2023-03-29 19:01:43
"627","doi:10.7281/T1/KOTDPY","268",2024-08-30 14:03:32
"628","doi:10.7281/T1/KTOG9W","0000-0002-6623-493X",2024-05-02 20:09:40
"629","doi:10.7281/T1/AOTRD6","0000-0002-6623-493X",2024-06-27 20:51:31
"630","doi:10.7281/T1/OY2X8T","0000-0001-8537-4471",2023-03-29 19:01:43
"631","doi:10.7281/T1/YZKNJ6","0000-0002-9146-4403",2024-02-22 19:52:00
"632","doi:10.7281/T1/LJ9FLW","269",2022-04-19 11:56:18
"633","doi:10.7281/T1/QGOMA0","270",2020-05-13 17:30:30
"634","doi:10.7281/T1W66HPZ","0000-0001-5543-6459",2016-09-08
"635","doi:10.7281/T1/EAFMCT","271",2018-12-07 18:10:05
"636","doi:10.7281/T1/ONZHUS","272",2019-07-08 18:17:31
"637","doi:10.7281/T1/EAFMCT","273",2018-12-07 18:10:05
"638","doi:10.7281/T1/ONZHUS","274",2019-07-08 18:17:31
"639","doi:10.7281/T1/6Y08LS","275",2018-08-22 19:06:03
"640","doi:10.7281/T1/DP2U9M","276",2019-07-10 18:25:43
"641","doi:10.7281/T1/F1GCSB","0000-0002-7504-9162",2023-09-13 18:07:50
"642","doi:10.7281/T1/JYAHTN","0000-0001-8797-9482",2020-11-24 12:54:16
"643","doi:10.7281/T1/RECXQW","0000-0001-8797-9482",2022-01-10 16:51:56
"644","doi:10.7281/T1/0EYOMQ","0000-0001-8797-9482",2022-03-09 21:15:29
"645","doi:10.7281/T1/X4MXHC","0000-0001-8797-9482",2022-04-07 16:35:56
"646","doi:10.7281/T1/KOTDPY","0000-0001-8797-9482",2024-08-30 14:03:32
"647","doi:10.7281/T1WD3XHM","277",2015-08-25
"648","doi:10.7281/T1/AGLFQ2","0000-0003-0470-0138",2024-03-18 18:32:52
"649","doi:10.7281/T1/CCC69H","0000-0003-2502-7819",2021-03-23 16:40:40
"650","doi:10.7281/T1/QA0SFN","278",2020-11-23 17:56:48
"651","doi:10.7281/T1/2K70CX","0000-0001-6054-4075",2020-01-13 15:17:50
"652","doi:10.7281/T1/XGVRX0","0000-0003-2948-9818",2022-06-23 16:11:51
"653","doi:10.7281/T1/QS3QFT","0000-0003-0383-1830",2024-03-26 20:35:29
"654","doi:10.7281/T1/F1GCSB","279",2023-09-13 18:07:50
"655","doi:10.7281/T1/THLC8N","280",2024-03-13 19:56:44
"656","doi:10.7281/T1/KOSYGQ","281",2017-06-29 12:50:41
"657","doi:10.7281/T1/YUHUYN","0000-0001-8176-9759",2023-05-23 20:37:12
"658","doi:10.7281/T1/VWQ4J3","282",2020-04-01 17:02:54
"659","doi:10.7281/T1/IRL0IE","0000-0001-5129-5740",2024-07-19 14:14:00
"660","doi:10.7281/T1/KCIPSB","0000-0001-8176-9759",2021-02-01 15:15:59
"661","doi:10.7281/T1/EWN8ZN","0000-0001-8176-9759",2021-07-19 21:01:24
"662","doi:10.7281/T1/8OFLMF","0000-0001-8176-9759",2022-06-17 19:59:53
"663","doi:10.7281/T1/VCPZIK","0000-0001-8176-9759",2021-08-05 21:44:39
"664","doi:10.7281/T1/D3EV75","0000-0001-8176-9759",2022-05-24 12:27:31
"665","doi:10.7281/T1/UJO8EZ","0000-0001-8176-9759",2023-12-12 14:36:47
"666","doi:10.7281/T1/XNZRR8","0000-0001-8176-9759",2022-04-21 14:44:27
"667","doi:10.7281/T1/C8BCOW","0000-0001-8176-9759",2024-02-27 14:23:24
"668","doi:10.7281/T1/WVDKQI","0000-0001-8176-9759",2023-12-11 20:33:49
"669","doi:10.7281/T1/8VU7A2","0000-0001-8176-9759",2023-05-09 12:24:18
"670","doi:10.7281/T1/1MQMFC","0000-0001-8176-9759",2023-05-23 20:37:37
"671","doi:10.7281/T1/KWDKME","0000-0001-8176-9759",2024-04-11 15:30:47
"672","doi:10.7281/T1JW8BSS","283",2020-10-30 18:26:13
"673","doi:10.7281/T1/AGLFQ2","0000-0003-2293-7278",2024-03-18 18:32:52
"674","doi:10.7281/T19G5JRC","0000-0001-5086-0744",2015-10-22
"675","doi:10.7281/T1/7IXSOP","0000-0003-4290-7762",2022-09-23 16:12:59
"676","doi:10.7281/T14Q7RW8","284",2016-07-14
"677","doi:10.7281/T1/MYBQC7","0000-0003-3412-803X",2024-04-29 18:15:03
"678","doi:10.7281/T1/VNEEJB","0000-0003-3412-803X",2023-04-04 23:55:24
"679","doi:10.7281/T1/NEACHP","0000-0002-8507-1304",2023-01-06 23:39:14
"680","doi:10.7281/T1/THLC8N","0000-0002-3055-4202",2024-03-13 19:56:44
"681","doi:10.7281/T1/RTSGO0","0000-0003-1119-2792",2022-11-15 14:01:46
"682","doi:10.7281/T1/9VJGPI","0000-0002-7332-7122",2023-09-05 16:08:55
"683","doi:10.7281/T1/CZZDLJ","0000-0002-3826-0735",2017-06-22 13:24:47
"684","doi:10.7281/T1/YXVVML","0000-0002-3826-0735",2017-08-16 16:55:42
"685","doi:10.7281/T1/BIJWVL","285",2019-03-12 11:16:00
"686","doi:10.7281/T1/KV9KNX","286",2019-04-08 18:51:56
"687","doi:10.7281/T1/MYJBMQ","287",2020-08-24 19:22:07
"688","doi:10.7281/T1/YUHUYN","288",2023-05-23 20:37:12
"689","doi:10.7281/T1/KWDKME","289",2024-04-11 15:30:47
"690","doi:10.7281/T1/7ELIJW","290",2024-04-26 19:51:18
"691","doi:10.7281/T1/6BHBC4","291",2020-01-13 18:12:38
"692","doi:10.7281/T1/CUEL0W","0000-0001-7916-0741",2021-08-25 16:31:48
"693","doi:10.7281/T1/CUEL0W","292",2021-08-25 16:31:48
"694","doi:10.7281/T1/0L0OA0","293",2023-05-08 22:56:03
"695","doi:10.7281/T1/YZKNJ6","294",2024-02-22 19:52:00
"696","doi:10.7281/T1/XGVRX0","295",2022-06-23 16:11:51
"697","doi:10.7281/T1/7VKY8K","0000-0003-1696-7809",2018-06-04 19:57:46
"698","doi:10.7281/T1PN93HH","296",2020-10-30 18:26:04
"699","doi:10.7281/T1/OSQSMY","297",2018-08-17 13:15:49
"700","doi:10.7281/T1/9VJGPI","0000-0001-9679-4287",2023-09-05 16:08:55
"701","doi:10.7281/T1/EQKCFP","0000-0002-0806-7643",2023-10-20 13:46:16
"702","doi:10.7281/T1/H1ZPLI","0000-0002-0806-7643",2023-07-06 16:00:37
"703","doi:10.7281/T1/FPN6MI","0000-0002-0806-7643",2023-08-03 20:18:29
"704","doi:10.7281/T1/7ELIJW","298",2024-04-26 19:51:18
"705","doi:10.7281/T1JW8BSS","299",2020-10-30 18:26:13
"706","doi:10.7281/T1/RECXQW","0000-0002-3789-594X",2022-01-10 16:51:56
"707","doi:10.7281/T1/0EYOMQ","0000-0002-3789-594X",2022-03-09 21:15:29
"708","doi:10.7281/T1/YZKNJ6","300",2024-02-22 19:52:00
"709","doi:10.7281/T1/YZKNJ6","301",2024-02-22 19:52:00
"710","doi:10.7281/T1/WYN7FI","302",2024-07-30 14:30:55
"711","doi:10.7281/T1/VCPZIK","0000-0001-7728-5460",2021-08-05 21:44:39
"712","doi:10.7281/T1/KOTDPY","0000-0001-9891-4801",2024-08-30 14:03:32
"713","doi:10.7281/T15Q4T12","303",2015-08-25
"714","doi:10.7281/T1/IM9BZI","304",2024-04-22 18:43:06
"715","doi:10.7281/T1/KOTDPY","0000-0002-9370-9160",2024-08-30 14:03:32
"716","doi:10.7281/T1/I3ILXO","0000-0002-9236-587X",2020-04-17 15:29:44
"717","doi:10.7281/T1/5QMDY6","305",2023-08-25 12:04:54
"718","doi:10.7281/T1/FFU0LR","0009-0008-1599-3419",2024-04-29 13:13:02
"719","doi:10.7281/T1/VCPZIK","306",2021-08-05 21:44:39
"720","doi:10.7281/T1/0L0OA0","0000-0003-3871-1564",2023-05-08 22:56:03
"721","doi:10.7281/T1/WVDKQI","0000-0002-2757-5395",2023-12-11 20:33:49
"722","doi:10.7281/T1/B1QTXI","0000-0003-4244-5844",2023-06-09 16:24:40
"723","doi:10.7281/T1/2QCZXM","0000-0003-4244-5844",2024-02-06 19:41:07
"724","doi:10.7281/T1/BDLMJG","0000-0002-8574-7271",2018-07-17 15:09:59
"725","doi:10.7281/T1/FPN6MI","307",2023-08-03 20:18:29
"726","doi:10.7281/T1/B1QTXI","308",2023-06-09 16:24:40
"727","doi:10.7281/T1/CZZDLJ","0000-0002-0061-2715",2017-06-22 13:24:47
"728","doi:10.7281/T1/XTSKOW","0000-0001-5317-8492",2017-09-19 13:08:30
"729","doi:10.7281/T1/THLC8N","0000-0001-5317-8492",2024-03-13 19:56:44
"730","doi:10.7281/T1/TNHLOJ","309",2018-12-04 18:10:52
"731","doi:10.7281/T1/X4MXHC","310",2022-04-07 16:35:56
"732","doi:10.7281/T1/YPUEQT","0000-0001-8482-7897",2024-02-01 20:27:23
"733","doi:10.7281/T1/4RZTRN","311",2021-11-05 18:59:17
"734","doi:10.7281/T1/VNFY91","0000-0002-7523-1589",2023-09-15 19:41:39
"735","doi:10.7281/T1/EHSEV2","0000-0002-7523-1589",2023-04-03 14:00:46
"736","doi:10.7281/T1/EAFMCT","312",2018-12-07 18:10:05
"737","doi:10.7281/T1/ONZHUS","0000-0003-0724-7826",2019-07-08 18:17:31
"738","doi:10.7281/T1/VAQP5N","0000-0003-4042-8952",2018-10-24 15:06:55
"739","doi:10.7281/T1/H1ZPLI","313",2023-07-06 16:00:37
"740","doi:10.7281/T1/NEACHP","0000-0002-5251-2943",2023-01-06 23:39:14
"741","doi:10.7281/T1/I9NL60","0000-0002-4341-0064",2022-03-17 19:13:07
"742","doi:10.7281/T1/6Y08LS","314",2018-08-22 19:06:03
"743","doi:10.7281/T19G5JRC","315",2015-10-22
"744","doi:10.7281/T1/NU0VS7","316",2024-01-02 13:15:55
"745","doi:10.7281/T1/DP2U9M","317",2019-07-10 18:25:43
"746","doi:10.7281/T1/SWNGEP","318",2021-05-07 14:09:25
"747","doi:10.7281/T1/FTCWPF","319",2020-04-22 16:05:42
"748","doi:10.7281/T1SF2T31","320",2015-12-02
"749","doi:10.7281/T1/UJO8EZ","0000-0001-8745-4272",2023-12-12 14:36:47
"750","doi:10.7281/T19G5JRC","0000-0002-0475-1106",2015-10-22
"751","doi:10.7281/T1/RTSGO0","0000-0001-8482-7897",2022-11-15 14:01:46
"752","doi:10.7281/T1/IVVFCM","0000-0001-8846-0615",2023-04-21 16:24:52
"753","doi:10.7281/T1/IFSXNV","321",2020-10-15 12:47:22
"754","doi:10.7281/T1/C304HZ","322",2022-03-30 19:24:13
"755","doi:10.7281/T1/E70MXR","0000-0001-5601-1583",2021-01-07 17:45:16
"756","doi:10.7281/T1/IVVFCM","0000-0003-0615-146X",2023-04-21 16:24:52
"757","doi:10.7281/T1/X4MXHC","0000-0002-0525-4582",2022-04-07 16:35:56
"758","doi:10.7281/T1/QXKY4B","0000-0001-7323-0526",2021-09-03 19:07:03
"759","doi:10.7281/T1/XZ0CGJ","0000-0001-7323-0526",2021-07-30 16:56:47
"760","doi:10.7281/T1/TP9B4Y","323",2018-06-13 13:46:01
"761","doi:10.7281/T1/VCPZIK","324",2021-08-05 21:44:39
"762","doi:10.7281/T1/D3EV75","325",2022-05-24 12:27:31
"763","doi:10.7281/T1/5UEIRG","326",2022-05-24 12:26:25
"764","doi:10.7281/T1/NT8FQN","327",2022-06-23 19:23:06
"765","doi:10.7281/T1/8VU7A2","328",2023-05-09 12:24:18
"766","doi:10.7281/T1/NTWJAR","0000-0001-8502-8712",2024-02-23 20:28:34
"767","doi:10.7281/T1/IVVFCM","0000-0001-8502-8712",2023-04-21 16:24:52
"768","doi:10.7281/T1/FPN6MI","329",2023-08-03 20:18:29
"769","doi:10.7281/T1/OY2X8T","0000-0003-1936-7219",2023-03-29 19:01:43
"770","doi:10.7281/T19G5JRC","0000-0003-0227-2272",2015-10-22
"771","doi:10.7281/T1/KWDKME","0009-0001-8395-8278",2024-04-11 15:30:47
"772","doi:10.7281/T1/OOMZS7","330",2022-06-06 13:59:37
"773","doi:10.7281/T1/TLEBVW","0000-0001-6947-3605",2017-12-20 18:16:30
"774","doi:10.7281/T1/9VJGPI","0000-0001-8163-094",2023-09-05 16:08:55
"775","doi:10.7281/T1/PXCQCC","0000-0002-9598-2996",2019-06-19 19:09:52
"776","doi:10.7281/T1/PXCQCC","0000-0002-5593-8210",2019-06-19 19:09:52
"777","doi:10.7281/T1/TLEBVW","0000-0002-2828-4397",2017-12-20 18:16:30
"778","doi:10.7281/T1/OSQSMY","0000-0002-5547-5084",2018-08-17 13:15:49
"779","doi:10.7281/T1/NH6EGH","0000-0002-5547-5084",2021-07-12 20:08:01
"780","doi:10.7281/T1/PXEROL","331",2022-03-02 18:29:27
"781","doi:10.7281/T1/PXEROL","332",2022-03-02 18:29:27
"782","doi:10.7281/T1/BMATHH","333",2021-09-28 11:30:17
"783","doi:10.7281/T19G5JRC","334",2015-10-22
"784","doi:10.7281/T1/MYJBMQ","335",2020-08-24 19:22:07
"785","doi:10.7281/T1/AGLFQ2","0000-0002-6455-4075",2024-03-18 18:32:52
"786","doi:10.7281/T1/SMICE5","0000-0001-6738-5556",2024-01-29 20:22:57
"787","doi:10.7281/T1/VXGDYH","0000-0001-6738-5556",2023-09-15 15:16:56
"788","doi:10.7281/T1/X4MXHC","336",2022-04-07 16:35:56
"789","doi:10.7281/T19G5JRC","337",2015-10-22
"790","doi:10.7281/T1F769G3","338",2023-03-16 15:12:56
"791","doi:10.7281/T1/4RZTRN","339",2021-11-05 18:59:17
"792","doi:10.7281/T1/X4MXHC","0000-0001-8688-5708",2022-04-07 16:35:56
"793","doi:10.7281/T1/CUEL0W","340",2021-08-25 16:31:48
"794","doi:10.7281/T1/NU0VS7","0000-0002-5546-9610",2024-01-02 13:15:55
"795","doi:10.7281/T1/BXJT0B","0000-0002-6721-3284",2021-12-21 17:56:17
"796","doi:10.7281/T1/NEACHP","0000-0002-6721-3284",2023-01-06 23:39:14
"797","doi:10.7281/T1J10120","0000-0003-2198-1381",2016-06-15
"798","doi:10.7281/T1/NEACHP","341",2023-01-06 23:39:14
"799","doi:10.7281/T1/IRMGH8","342",2024-02-28 12:19:18
"800","doi:10.7281/T1/K08BJZ","343",2022-09-06 17:25:29
"801","doi:10.7281/T1/NEACHP","0000-0002-8837-0035",2023-01-06 23:39:14
"802","doi:10.7281/T1W66HPZ","0000-0001-6916-0000",2016-09-08
"803","doi:10.7281/T1/IRMGH8","344",2024-02-28 12:19:18
"804","doi:10.7281/T1/RDLYMJ","345",2024-09-13 19:49:27
"805","doi:10.7281/T1/CZDPSX","346",2019-09-18 15:58:57
"806","doi:10.7281/T19G5JRC","0000-0001-7041-7387",2015-10-22
"807","doi:10.7281/T1CC0XMT","347",2015-08-25
"808","doi:10.7281/T1/YZKNJ6","348",2024-02-22 19:52:00
"809","doi:10.7281/T1/WVDKQI","349",2023-12-11 20:33:49
"810","doi:10.7281/T1/BDLMJG","350",2018-07-17 15:09:59
"811","doi:10.7281/T1/ENWXRU","0000-0002-8053-9668",2022-06-14 15:38:26
"812","doi:10.7281/T1/UIJLZO","0000-0002-8053-9668",2024-02-27 14:26:57
"813","doi:10.7281/T1/4WX5QC","351",2021-07-19 20:41:03
"814","doi:10.7281/T1/8OFLMF","0000-0002-8053-9668",2022-06-17 19:59:53
"815","doi:10.7281/T1/VCPZIK","0000-0002-8053-9668",2021-08-05 21:44:39
"816","doi:10.7281/T1/YUHUYN","0000-0002-8053-9668",2023-05-23 20:37:12
"817","doi:10.7281/T1/860JVB","0000-0002-8053-9668",2023-05-23 20:36:46
"818","doi:10.7281/T1/KWDKME","352",2024-04-11 15:30:47
"819","doi:10.7281/T1/7WS8AD","353",2020-12-03 18:22:39
"820","doi:10.7281/T1/VSW3JU","354",2021-05-26 20:32:48
"821","doi:10.7281/T1/L8UP2G","0000-0003-4668-9803",2018-04-17 20:37:48
"822","doi:10.7281/T1/2K70CX","0000-0003-4668-9803",2020-01-13 15:17:50
"823","doi:10.7281/T19G5JRC","0000-0002-1349-8026",2015-10-22
"824","doi:10.7281/T1F769G3","0000-0002-1349-8026",2023-03-16 15:12:56
"825","doi:10.7281/T1/BIJBI6","355",2019-12-19 20:21:04
"826","doi:10.7281/T19G5JRC","356",2015-10-22
"827","doi:10.7281/T1/IFSXNV","357",2020-10-15 12:47:22
"828","doi:10.7281/T1/C304HZ","0000-0003-3065-7700",2022-03-30 19:24:13
"829","doi:10.7281/T1/A9NKJ7","358",2020-10-21 20:37:18
"830","doi:10.7281/T1/UBSZF1","359",2022-07-25 14:15:09
"831","doi:10.7281/T1/CZDPSX","360",2019-09-18 15:58:57
"832","doi:10.7281/T1/SWNGEP","361",2021-05-07 14:09:25
"833","doi:10.7281/T1/7WS8AD","362",2020-12-03 18:22:39
"834","doi:10.7281/T1/VSW3JU","363",2021-05-26 20:32:48
"835","doi:10.7281/T1/7WS8AD","0000-0003-3903-303X",2020-12-03 18:22:39
"836","doi:10.7281/T1/VSW3JU","0000-0003-3903-303X",2021-05-26 20:32:48
"837","doi:10.7281/T1/CGBG4F","0000-0001-5825-4431",2024-06-03 14:49:17
"838","doi:10.7281/T1/EAFMCT","364",2018-12-07 18:10:05
"839","doi:10.7281/T1/UXPNT5","365",2022-04-08 17:18:45
"840","doi:10.7281/T1/ONZHUS","366",2019-07-08 18:17:31
"841","doi:10.7281/T1/4F90KQ","0000-0002-6032-5611",2020-04-09 12:26:47
"842","doi:10.7281/T1/X4MXHC","0000-0003-0332-4580",2022-04-07 16:35:56
"843","doi:10.7281/T1/OSQSMY","367",2018-08-17 13:15:49
"844","doi:10.7281/T1/NH6EGH","368",2021-07-12 20:08:01
"845","doi:10.7281/T1/ZHG9BB","369",2017-08-28 17:18:07
"846","doi:10.7281/T1/4AJ8Y1","370",2018-04-20 19:17:14
"847","doi:10.7281/T1/LJZQPI","371",2019-06-21 13:53:21
"848","doi:10.7281/T1/QA0SFN","0000-0002-4676-9320",2020-11-23 17:56:48
"849","doi:10.7281/T1/VDZAZY","0000-0002-4676-9320",2020-08-28 18:59:41
"850","doi:10.7281/T1/XOL4BR","0000-0002-4676-9320",2024-05-31 15:26:52
"851","doi:10.7281/T1/IM9BZI","372",2024-04-22 18:43:06
"852","doi:10.7281/T1/XFNORD","0000-0002-3047-0172",2023-12-21 14:34:36
"853","doi:10.7281/T1/4RZTRN","0000-0002-9635-1272",2021-11-05 18:59:17
"854","doi:10.7281/T1/DP2U9M","0000-0001-9461-5249",2019-07-10 18:25:43
"855","doi:10.7281/T1/DP2U9M","0000-0002-2479-703X",2019-07-10 18:25:43
"856","doi:10.7281/T1/0HWVS1","373",2024-06-28 14:02:28
"857","doi:10.7281/T1/L8UP2G","374",2018-04-17 20:37:48
"858","doi:10.7281/T1/AZE8LU","375",2020-12-01 20:12:59
"859","doi:10.7281/T1/4ZCOC4","0000-0003-3639-9570",2020-04-06 19:13:23
"860","doi:10.7281/T1/RECXQW","0000-0003-3639-9570",2022-01-10 16:51:56
"861","doi:10.7281/T1/0EYOMQ","0000-0003-3639-9570",2022-03-09 21:15:29
"862","doi:10.7281/T1/X4MXHC","0000-0003-3639-9570",2022-04-07 16:35:56
"863","doi:10.7281/T1/KOTDPY","0000-0003-3639-9570",2024-08-30 14:03:32
"864","doi:10.7281/T1/7IXSOP","376",2022-09-23 16:12:59
"865","doi:10.7281/T1/HRK27V","0000-0002-2815-9262",2022-03-07 20:18:52
"866","doi:10.7281/T1/CUEL0W","0000-0002-9818-9344",2021-08-25 16:31:48
"867","doi:10.7281/T1/LJZQPI","0000-0002-8523-0483",2019-06-21 13:53:21
"868","doi:10.7281/T1/UBSZF1","377",2022-07-25 14:15:09
"869","doi:10.7281/T1/IRMGH8","378",2024-02-28 12:19:18
"870","doi:10.7281/T1/GTUUUG","379",2024-07-08 13:12:05
"871","doi:10.7281/T1/CLTDND","380",2019-06-26 17:45:57
"872","doi:10.7281/T1RF5RZ7","0000-0003-1681-516X",2016-08-02
"873","doi:10.7281/T1/7VKY8K","381",2018-06-04 19:57:46
"874","doi:10.7281/T1/SWNGEP","382",2021-05-07 14:09:25
"875","doi:10.7281/T1/VWQ4J3","0000-0002-1643-8803",2020-04-01 17:02:54
"876","doi:10.7281/T1/BXJT0B","0000-0002-1170-0550",2021-12-21 17:56:17
"877","doi:10.7281/T1/YC5BS6","0000-0003-3458-9215",2023-10-18 17:06:58
"878","doi:10.7281/T1/WVEABK","0000-0003-3458-9215",2023-05-25 17:11:56
"879","doi:10.7281/T1/IFSXNV","0000-0003-1291-9316",2020-10-15 12:47:22
"880","doi:10.7281/T1/C304HZ","0000-0003-1291-9316",2022-03-30 19:24:13
"881","doi:10.7281/T1/SWU4P8","383",2023-08-08 17:47:21
"882","doi:10.7281/T1/OSQSMY","0000-0003-4925-9059",2018-08-17 13:15:49
"883","doi:10.7281/T1/NH6EGH","0000-0003-4925-9059",2021-07-12 20:08:01
"884","doi:10.7281/T1/SQ6FO9","384",2018-08-24 14:54:41
"885","doi:10.7281/T1/AVEV7M","385",2023-03-23 13:42:30
"886","doi:10.7281/T1/UBSZF1","0000-0002-5221-2107",2022-07-25 14:15:09
"887","doi:10.7281/T10Z715B","386",2016-10-28
"888","doi:10.7281/T1/CUEL0W","387",2021-08-25 16:31:48
"889","doi:10.7281/T1/QQ77OB","388",2022-09-27 20:22:01
"890","doi:10.7281/T1/VNFY91","0000-0003-2740-8308",2023-09-15 19:41:39
"891","doi:10.7281/T1J10120","389",2016-06-15
"892","doi:10.7281/T1/YQDI0F","390",2021-04-06 13:35:42
"893","doi:10.7281/T1/1MQMFC","0000-0001-9724-6725",2023-05-23 20:37:37
"894","doi:10.7281/T1/EWN8ZN","0000-0001-9724-6725",2021-07-19 21:01:24
"895","doi:10.7281/T1/WVDKQI","391",2023-12-11 20:33:49
"896","doi:10.7281/T19G5JRC","392",2015-10-22
"897","doi:10.7281/T1F769G3","393",2023-03-16 15:12:56
"898","doi:10.7281/T1/VZZOJB","0000-0002-3483-4148",2021-03-02 14:37:44
"899","doi:10.7281/T1/A9NKJ7","394",2020-10-21 20:37:18
"900","doi:10.7281/T1/HVRF8B","0000-0002-1585-8275",2021-10-25 15:35:24
"901","doi:10.7281/T1/KWDKME","0000-0002-0468-6420",2024-04-11 15:30:47
"902","doi:10.7281/T19G5JRC","395",2015-10-22
"903","doi:10.7281/T1/IRMGH8","0000-0003-3248-1761",2024-02-28 12:19:18
"904","doi:10.7281/T1/EQKCFP","0000-0003-3248-1761",2023-10-20 13:46:16
"905","doi:10.7281/T1/H1ZPLI","0000-0003-3248-1761",2023-07-06 16:00:37
"906","doi:10.7281/T1/FPN6MI","0000-0003-3248-1761",2023-08-03 20:18:29
"907","doi:10.7281/T1/RDLYMJ","0000-0003-3248-1761",2024-09-13 19:49:27
"908","doi:10.7281/T1/QA0SFN","0000-0002-9806-3231",2020-11-23 17:56:48
"909","doi:10.7281/T1/XGVRX0","0000-0001-8739-2542",2022-06-23 16:11:51
"910","doi:10.7281/T1/U5GUV3","0000-0001-8739-2542",2023-08-16 16:21:51
"911","doi:10.7281/T1/IHPXXR","396",2023-05-15 17:37:25
"912","doi:10.7281/T19G5JRC","0000-0002-5482-6620",2015-10-22
"913","doi:10.7281/T1/RECXQW","0000-0003-1255-2876",2022-01-10 16:51:56
"914","doi:10.7281/T1/X4MXHC","0000-0003-1255-2876",2022-04-07 16:35:56
"915","doi:10.7281/T1/CUEL0W","0000-0002-6786-8117",2021-08-25 16:31:48
"916","doi:10.7281/T1/HRK27V","0000-0002-5115-5884",2022-03-07 20:18:52
"917","doi:10.7281/T1/RDLYMJ","397",2024-09-13 19:49:27
"918","doi:10.7281/T1/IRMGH8","398",2024-02-28 12:19:18
"919","doi:10.7281/T1/K3ONN5","399",2018-11-19 17:24:44
"920","doi:10.7281/T1/V3Z6DD","400",2019-01-23 20:57:15
"921","doi:10.7281/T1/BT02SS","401",2021-07-19 20:18:07
"922","doi:10.7281/T1/VCPZIK","402",2021-08-05 21:44:39
"923","doi:10.7281/T1/KGCGBM","403",2023-05-09 12:21:59
"924","doi:10.7281/T1/4RZTRN","404",2021-11-05 18:59:17
"925","doi:10.7281/T1/OSQSMY","0000-0002-8655-5204",2018-08-17 13:15:49
"926","doi:10.7281/T1/NH6EGH","0000-0002-8655-5204",2021-07-12 20:08:01
"927","doi:10.7281/T1/9VJGPI","0000-0002-5223-8112",2023-09-05 16:08:55
"928","doi:10.7281/T1/FPN6MI","405",2023-08-03 20:18:29
"929","doi:10.7281/T1/IWOVKD","0000-0002-5301-9659",2018-11-08 13:39:55
"930","doi:10.7281/T1/DG7RDP","0000-0002-5301-9659",2019-01-23 14:37:33
"931","doi:10.7281/T1/IJO1FU","0000-0002-5301-9659",2020-03-20 20:32:52
"932","doi:10.7281/T1/K08BJZ","0000-0002-5301-9659",2022-09-06 17:25:29
"933","doi:10.7281/T1/FIS2QT","406",2020-06-17 13:26:05
"934","doi:10.7281/T1/AUBBJD","0000-0002-5301-9659",2020-08-28 15:17:53
"935","doi:10.7281/T1/7WXPIN","407",2019-10-08 13:57:17
"936","doi:10.7281/T1/K08BJZ","0000-0001-7365-2382",2022-09-06 17:25:29
"937","doi:10.7281/T1/ZPJZJC","0000-0001-7365-2382",2021-10-13 12:17:00
"938","doi:10.7281/T1/ZQZX80","0000-0001-7365-2382",2019-12-05 20:57:25
"939","doi:10.7281/T1/NL3HTW","0000-0001-7365-2382",2023-05-16 18:53:51
"940","doi:10.7281/T1/0HWVS1","408",2024-06-28 14:02:28
"941","doi:10.7281/T1/7ELIJW","409",2024-04-26 19:51:18
"942","doi:10.7281/T1/YZKNJ6","410",2024-02-22 19:52:00
"943","doi:10.7281/T1/FN9EH6","0000-0002-8833-3592",2017-04-03 18:11:57
"944","doi:10.7281/T1/ZHG9BB","0000-0002-8833-3592",2017-08-28 17:18:07
"945","doi:10.7281/T1/LJ9FLW","0000-0002-4072-181X",2022-04-19 11:56:18
"946","doi:10.7281/T1/NEACHP","0000-0002-4072-181X",2023-01-06 23:39:14
"947","doi:10.7281/T1/BXJT0B","0000-0002-4072-181X",2021-12-21 17:56:17
"948","doi:10.7281/T1/IJO1FU","0000-0003-0987-6060",2020-03-20 20:32:52
"949","doi:10.7281/T1/YUHUYN","0000-0002-1488-9475",2023-05-23 20:37:12
"950","doi:10.7281/T1/KWDKME","0000-0002-1488-9475",2024-04-11 15:30:47
"951","doi:10.7281/T1/9VJGPI","0000-0002-6447-6986",2023-09-05 16:08:55
"952","doi:10.7281/T17P8W98","411",2015-08-25
"953","doi:10.7281/T1/IVVFCM","0000-0001-5210-1709",2023-04-21 16:24:52
"954","doi:10.7281/T1/LJZQPI","412",2019-06-21 13:53:21
"955","doi:10.7281/T1/YQDI0F","413",2021-04-06 13:35:42
"956","doi:10.7281/T1/SQJ7G0","0000-0003-3984-895X",2024-04-22 15:29:40
"957","doi:10.7281/T1/CGBG4F","0000-0001-6533-6179",2024-06-03 14:49:17
"958","doi:10.7281/T1/B1QTXI","414",2023-06-09 16:24:40
"959","doi:10.7281/T1/V3Z6DD","0000-0001-6313-9884",2019-01-23 20:57:15
"960","doi:10.7281/T1/BT02SS","415",2021-07-19 20:18:07
"961","doi:10.7281/T1/VCPZIK","0000-0001-6313-9884",2021-08-05 21:44:39
"962","doi:10.7281/T1/KGCGBM","0000-0001-6313-9884",2023-05-09 12:21:59
"963","doi:10.7281/T1/C8BCOW","0000-0001-6313-9884",2024-02-27 14:23:24
"964","doi:10.7281/T1/WVDKQI","0000-0001-6313-9884",2023-12-11 20:33:49
"965","doi:10.7281/T1/SWU4P8","416",2023-08-08 17:47:21
"966","doi:10.7281/T1/T3SA2Z","417",2020-04-13 21:12:23
"967","doi:10.7281/T14Q7RW8","0000-0001-9928-8275",2016-07-14
"968","doi:10.7281/T1/FIS2QT","418",2020-06-17 13:26:05
"969","doi:10.7281/T19G5JRC","419",2015-10-22
"970","doi:10.7281/T1/C4RVLS","0000-0003-4328-0199",2024-01-09 16:15:38
"971","doi:10.7281/T1/E70MXR","0000-0003-1021-7820",2021-01-07 17:45:16
"972","doi:10.7281/T1/7WS8AD","0000-0001-7789-5779",2020-12-03 18:22:39
"973","doi:10.7281/T1/LW2H2F","0000-0001-7789-5779",2019-11-26 16:27:19
"974","doi:10.7281/T1/T81CEP","420",2020-06-24 15:26:45
"975","doi:10.7281/T1/VSW3JU","0000-0001-7789-5779",2021-05-26 20:32:48
"976","doi:10.7281/T1/RTSGO0","0000-0002-9793-0110",2022-11-15 14:01:46
"977","doi:10.7281/T1/KOTDPY","0000-0003-0106-7437",2024-08-30 14:03:32
"978","doi:10.7281/T1/AVEV7M","0000-0002-8176-2044",2023-03-23 13:42:30
"979","doi:10.7281/T1PN93HH","421",2020-10-30 18:26:04
"980","doi:10.7281/T1/EQKCFP","422",2023-10-20 13:46:16
"981","doi:10.7281/T1/H1ZPLI","423",2023-07-06 16:00:37
"982","doi:10.7281/T1/FPN6MI","424",2023-08-03 20:18:29
"983","doi:10.7281/T1/HRK27V","0000-0002-3050-7692",2022-03-07 20:18:52
"984","doi:10.7281/T1/HVRF8B","0000-0001-8964-730X",2021-10-25 15:35:24
"985","doi:10.7281/T1/GH4EF2","425",2021-02-22 21:23:35
"986","doi:10.7281/T1/0JWMF0","426",2022-06-23 19:23:43
"987","doi:10.7281/T1/8VU7A2","427",2023-05-09 12:24:18
"988","doi:10.7281/T1/IRMGH8","428",2024-02-28 12:19:18
"989","doi:10.7281/T1/RDLYMJ","0000-0001-7086-2990",2024-09-13 19:49:27
"990","doi:10.7281/T1/PIVKJ7","0000-0002-7228-1628",2023-11-16 15:58:05
"991","doi:10.7281/T1/ZPJZJC","429",2021-10-13 12:17:00
"992","doi:10.7281/T1/7VKY8K","430",2018-06-04 19:57:46
"993","doi:10.7281/T1RF5RZ7","0000-0002-2977-5040",2016-08-02
"994","doi:10.7281/T1/SWNGEP","0000-0003-3639-7831",2021-05-07 14:09:25
"995","doi:10.7281/T1/SWNGEP","431",2021-05-07 14:09:25
"996","doi:10.7281/T1/7IXSOP","0000-0001-7973-1647",2022-09-23 16:12:59
"997","doi:10.7281/T1/DP2U9M","0000-0002-6715-7905",2019-07-10 18:25:43
"998","doi:10.7281/T1/FIS2QT","0000-0001-8339-2510",2020-06-17 13:26:05
"999","doi:10.7281/T1PN93HH","432",2020-10-30 18:26:04
"1000","doi:10.7281/T1F769G3","433",2023-03-16 15:12:56
"1001","doi:10.7281/T1/B660D2","0000-0002-4817-6625",2022-09-12 20:36:56
"1002","doi:10.7281/T1/OOMZS7","0000-0002-4817-6625",2022-06-06 13:59:37
"1003","doi:10.7281/T1/PIVKJ7","0000-0002-4817-6625",2023-11-16 15:58:05
"1004","doi:10.7281/T1/RTSGO0","0000-0002-3002-819X",2022-11-15 14:01:46
"1005","doi:10.7281/T1/FPN6MI","434",2023-08-03 20:18:29
"1006","doi:10.7281/T1/THLC8N","0000-0002-8588-0865",2024-03-13 19:56:44
"1007","doi:10.7281/T1/A9NKJ7","0000-0001-8218-1797",2020-10-21 20:37:18
"1008","doi:10.7281/T1/WYN7FI","0000-0001-8218-1797",2024-07-30 14:30:55
"1009","doi:10.7281/T1/UBSZF1","0000-0002-7259-7374",2022-07-25 14:15:09
"1010","doi:10.7281/T1/A9NKJ7","0000-0002-7259-7374",2020-10-21 20:37:18
"1011","doi:10.7281/T1/IRL0IE","0000-0002-7259-7374",2024-07-19 14:14:00
"1012","doi:10.7281/T1/0HWVS1","435",2024-06-28 14:02:28
"1013","doi:10.7281/T1/6I0KPP","0000-0001-5761-6779",2022-07-05 21:07:35
"1014","doi:10.7281/T1/CGBG4F","0000-0001-5761-6779",2024-06-03 14:49:17
"1015","doi:10.7281/T1/9VJGPI","0000-0002-5633-1314",2023-09-05 16:08:55
"1016","doi:10.7281/T1/LQMJJM","436",2023-01-30 20:24:14
"1017","doi:10.7281/T1/CUEL0W","0000-0003-4555-3162",2021-08-25 16:31:48
"1018","doi:10.7281/T1/UBSZF1","0000-0003-4555-3162",2022-07-25 14:15:09
"1019","doi:10.7281/T1/A9NKJ7","0000-0003-4555-3162",2020-10-21 20:37:18
"1020","doi:10.7281/T1/IRL0IE","0000-0003-4555-3162",2024-07-19 14:14:00
"1021","doi:10.7281/T1/WYN7FI","0000-0003-4555-3162",2024-07-30 14:30:55
"1022","doi:10.7281/T1/V4BATB","0000-0003-4555-3162",2024-07-31 13:11:09
"1023","doi:10.7281/T1/CCC69H","437",2021-03-23 16:40:40
"1024","doi:10.7281/T1/TNHLOJ","438",2018-12-04 18:10:52
"1025","doi:10.7281/T10Z715B","439",2016-10-28
"1026","doi:10.7281/T1/VWR4GR","0000-0002-9113-2978",2017-02-23 14:12:11
"1027","doi:10.7281/T1/BXJT0B","0000-0001-9612-8532",2021-12-21 17:56:17
"1028","doi:10.7281/T1/NL3HTW","440",2023-05-16 18:53:51
"1029","doi:10.7281/T1/UDTJPD","441",2020-02-20 18:10:12
"1030","doi:10.7281/T1/YOFR1E","442",2019-06-26 17:38:15
"1031","doi:10.7281/T1/EOPWE4","0000-0003-3978-9662",2019-06-26 17:27:07
"1032","doi:10.7281/T1/CLTDND","443",2019-06-26 17:45:57
"1033","doi:10.7281/T1/LR1FMH","444",2021-07-30 17:40:19
"1034","doi:10.7281/T1/DTCK4M","445",2021-09-09 17:10:19
"1035","doi:10.7281/T1/EAFMCT","446",2018-12-07 18:10:05
"1036","doi:10.7281/T1/ONZHUS","447",2019-07-08 18:17:31
"1037","doi:10.7281/T1/6Y08LS","0000-0003-2831-4389",2018-08-22 19:06:03
"1038","doi:10.7281/T1/DTCK4M","448",2021-09-09 17:10:19
"1039","doi:10.7281/T1/QGOMA0","0000-0003-3849-5064",2020-05-13 17:30:30
"1040","doi:10.7281/T1/LJ9FLW","0000-0003-3849-5064",2022-04-19 11:56:18
"1041","doi:10.7281/T1/VWR4GR","0000-0003-1622-0545",2017-02-23 14:12:11
"1042","doi:10.7281/T1/SP6KO3","449",2017-11-22 19:46:20
"1043","doi:10.7281/T1/ZHG9BB","0000-0001-8688-115X",2017-08-28 17:18:07
"1044","doi:10.7281/T1/OSQSMY","0000-0002-5655-8201",2018-08-17 13:15:49
"1045","doi:10.7281/T1/CCC69H","0000-0001-5095-1478",2021-03-23 16:40:40
"1046","doi:10.7281/T1/TLEBVW","0000-0002-9868-7896",2017-12-20 18:16:30
"1047","doi:10.7281/T1/PG105Y","0000-0003-2369-540X",2022-04-21 14:45:06
"1048","doi:10.7281/T1/0HWVS1","0000-0001-7942-8998",2024-06-28 14:02:28
"1049","doi:10.7281/T1/OSQSMY","450",2018-08-17 13:15:49
"1050","doi:10.7281/T1/E70MXR","451",2021-01-07 17:45:16
"1051","doi:10.7281/T1/AGLFQ2","0000-0001-8706-9825",2024-03-18 18:32:52
"1052","doi:10.7281/T1/I0H3GY","0000-0002-5478-5291",2023-07-21 20:11:46
"1053","doi:10.7281/T19G5JRC","452",2015-10-22
"1054","doi:10.7281/T1/FPN6MI","0000-0002-4396-2432",2023-08-03 20:18:29
"1055","doi:10.7281/T1RN35S8","453",2015-08-25
"1056","doi:10.7281/T1/FFU0LR","0009-0000-3215-8716",2024-04-29 13:13:02
"1057","doi:10.7281/T1/WYN7FI","0000-0001-9163-5607",2024-07-30 14:30:55
"1058","doi:10.7281/T1/YI383C","454",2017-08-16 16:55:31
"1059","doi:10.7281/T1/SMICE5","0000-0003-2622-3459",2024-01-29 20:22:57
"1060","doi:10.7281/T1/YOFR1E","455",2019-06-26 17:38:15
"1061","doi:10.7281/T1/VAQP5N","456",2018-10-24 15:06:55
"1062","doi:10.7281/T1/DP2U9M","0000-0002-1927-0970",2019-07-10 18:25:43
"1063","doi:10.7281/T1/SQ6FO9","0000-0002-8004-3486",2018-08-24 14:54:41
"1064","doi:10.7281/T1/6JMKIG","0000-0002-8004-3486",2019-01-15 20:29:36
"1065","doi:10.7281/T1/IVVFCM","457",2023-04-21 16:24:52
"1066","doi:10.7281/T1/IVVFCM","0000-0001-9423-0816",2023-04-21 16:24:52
"1067","doi:10.7281/T1/6BHBC4","458",2020-01-13 18:12:38
"1068","doi:10.7281/T1/QA0SFN","459",2020-11-23 17:56:48
"1069","doi:10.7281/T1/VDZAZY","0000-0003-3117-7477",2020-08-28 18:59:41
"1070","doi:10.7281/T1/IM9BZI","460",2024-04-22 18:43:06
"1071","doi:10.7281/T1/YXVVML","461",2017-08-16 16:55:42
"1072","doi:10.7281/T1/AOTRD6","0009-0001-1248-9590",2024-06-27 20:51:31
"1073","doi:10.7281/T1/ZOW11X","462",2021-02-01 15:16:20
"1074","doi:10.7281/T1/KCIPSB","0000-0002-1216-0285",2021-02-01 15:15:59
"1075","doi:10.7281/T1/PG105Y","463",2022-04-21 14:45:06
"1076","doi:10.7281/T1/5UEIRG","464",2022-05-24 12:26:25
"1077","doi:10.7281/T1/YUHUYN","465",2023-05-23 20:37:12
"1078","doi:10.7281/T1/1MQMFC","466",2023-05-23 20:37:37
"1079","doi:10.7281/T1/UJO8EZ","0000-0002-1216-0285",2023-12-12 14:36:47
"1080","doi:10.7281/T1/XNZRR8","467",2022-04-21 14:44:27
"1081","doi:10.7281/T1/L4QB1Z","468",2022-04-19 19:15:56
"1082","doi:10.7281/T1/UIJLZO","0000-0002-1216-0285",2024-02-27 14:26:57
"1083","doi:10.7281/T1/XGVRX0","469",2022-06-23 16:11:51
"1084","doi:10.7281/T1/860JVB","470",2023-05-23 20:36:46
"1085","doi:10.7281/T1/8VU7A2","471",2023-05-09 12:24:18
"1086","doi:10.7281/T1/KWDKME","0000-0002-1216-0285",2024-04-11 15:30:47
"1087","doi:10.7281/T1/C8BCOW","472",2024-02-27 14:23:24
"1088","doi:10.7281/T1/MYBQC7","473",2024-04-29 18:15:03
"1089","doi:10.7281/T1/SWNGEP","474",2021-05-07 14:09:25
"1090","doi:10.7281/T1/FIS2QT","475",2020-06-17 13:26:05
"1091","doi:10.7281/T1/IRMGH8","0000-0001-5913-2073",2024-02-28 12:19:18
"1092","doi:10.7281/T1D798BQ","476",2016-06-01
"1093","doi:10.7281/T1/C6MCOX","477",2019-04-29 15:12:30
"1094","doi:10.7281/T1/UDTJPD","478",2020-02-20 18:10:12
"1095","doi:10.7281/T1/XTSKOW","479",2017-09-19 13:08:30
"1096","doi:10.7281/T1/DX9DL8","480",2018-11-12 18:48:14
"1097","doi:10.7281/T1H41PBJ","0000-0003-0510-0513",2015-08-25
"1098","doi:10.7281/T1/TNHLOJ","0000-0001-5096-6549",2018-12-04 18:10:52
"1099","doi:10.7281/T1RN35S8","481",2015-08-25
"1100","doi:10.7281/T1/L8UP2G","0000-0003-0540-9940",2018-04-17 20:37:48
"1101","doi:10.7281/T1/IVVFCM","482",2023-04-21 16:24:52
"1102","doi:10.7281/T10Z715B","483",2016-10-28
"1103","doi:10.7281/T1/7IXSOP","0000-0003-1117-9993",2022-09-23 16:12:59
"1104","doi:10.7281/T1/UP8RWD","0000-0001-8292-1759",2023-12-07 20:11:09
"1105","doi:10.7281/T1/OSQSMY","0000-0002-1059-0847",2018-08-17 13:15:49
"1106","doi:10.7281/T1/NH6EGH","0000-0002-1059-0847",2021-07-12 20:08:01
"1107","doi:10.7281/T1/RDLYMJ","0000-0003-0319-0578",2024-09-13 19:49:27
"1108","doi:10.7281/T1/CUEL0W","0000-0002-9077-7088",2021-08-25 16:31:48
"1109","doi:10.7281/T1D798BQ","0000-0003-3586-2383",2016-06-01
"1110","doi:10.7281/T1/4F90KQ","0000-0003-3586-2383",2020-04-09 12:26:47
"1111","doi:10.7281/T1/HWU9TZ","484",2024-05-28 18:45:52
"1112","doi:10.7281/T1/NLHSKE","0000-0003-3062-8053",2023-06-02 12:54:10
"1113","doi:10.7281/T1/H1ZPLI","0000-0002-5696-9967",2023-07-06 16:00:37
"1114","doi:10.7281/T19G5JRC","485",2015-10-22
"1115","doi:10.7281/T19G5JRC","0000-0003-4849-5084",2015-10-22
"1116","doi:10.7281/T1/7ELIJW","486",2024-04-26 19:51:18
"1117","doi:10.7281/T1/YUHUYN","0000-0002-0430-1922",2023-05-23 20:37:12
"1118","doi:10.7281/T1/KWDKME","0000-0002-0430-1922",2024-04-11 15:30:47
"1119","doi:10.7281/T1/LJZQPI","487",2019-06-21 13:53:21
"1120","doi:10.7281/T1/9VJGPI","0000-0003-0166-3626",2023-09-05 16:08:55
"1121","doi:10.7281/T1/IVVFCM","488",2023-04-21 16:24:52
"1122","doi:10.7281/T1/YI383C","489",2017-08-16 16:55:31
"1123","doi:10.7281/T1/2PGJQU","0000-0001-6272-1100",2023-03-08 20:14:56
"1124","doi:10.7281/T1/IFSXNV","0000-0001-6272-1100",2020-10-15 12:47:22
"1125","doi:10.7281/T1/C304HZ","0000-0001-6272-1100",2022-03-30 19:24:13
"1126","doi:10.7281/T1/6BHBC4","490",2020-01-13 18:12:38
"1127","doi:10.7281/T1/EAFMCT","491",2018-12-07 18:10:05
"1128","doi:10.7281/T1/ONZHUS","492",2019-07-08 18:17:31
"1129","doi:10.7281/T1JW8BSS","493",2020-10-30 18:26:13
"1130","doi:10.7281/T1/FPN6MI","0000-0003-1807-2785",2023-08-03 20:18:29
"1131","doi:10.7281/T1/FIS2QT","494",2020-06-17 13:26:05
"1132","doi:10.7281/T1/D06YVM","495",2017-07-12 18:28:45
"1133","doi:10.7281/T1/IM9BZI","496",2024-04-22 18:43:06
"1134","doi:10.7281/T1/VCPZIK","0000-0002-1003-2650",2021-08-05 21:44:39
"1135","doi:10.7281/T1/YUHUYN","0000-0002-1003-2650",2023-05-23 20:37:12
"1136","doi:10.7281/T1/KWDKME","0000-0002-1003-2650",2024-04-11 15:30:47
"1137","doi:10.7281/T1/CZZDLJ","0000-0002-1003-2650",2017-06-22 13:24:47
"1138","doi:10.7281/T1/NT8FQN","0000-0002-1003-2650",2022-06-23 19:23:06
"1139","doi:10.7281/T1/D3EV75","0000-0002-1003-2650",2022-05-24 12:27:31
"1140","doi:10.7281/T1/5UEIRG","0000-0002-1003-2650",2022-05-24 12:26:25
"1141","doi:10.7281/T1/8VU7A2","0000-0002-1003-2650",2023-05-09 12:24:18
"1142","doi:10.7281/T1/VAQP5N","0000-0001-5917-4126",2018-10-24 15:06:55
"1143","doi:10.7281/T1/CCC69H","0000-0001-5917-4126",2021-03-23 16:40:40
"1144","doi:10.7281/T1/IVVFCM","497",2023-04-21 16:24:52
"1145","doi:10.7281/T1/EAFMCT","498",2018-12-07 18:10:05
"1146","doi:10.7281/T1/UXPNT5","0000-0001-6848-1881",2022-04-08 17:18:45
"1147","doi:10.7281/T1/ONZHUS","0000-0001-6848-1881",2019-07-08 18:17:31
"1148","doi:10.7281/T1/2K70CX","0000-0002-1151-060X",2020-01-13 15:17:50
"1149","doi:10.7281/T19G5JRC","499",2015-10-22
"1150","doi:10.7281/T1/D3EV75","500",2022-05-24 12:27:31
"1151","doi:10.7281/T1/8VU7A2","501",2023-05-09 12:24:18
"1152","doi:10.7281/T1/D3EV75","502",2022-05-24 12:27:31
"1153","doi:10.7281/T1/FN9EH6","0000-0003-3170-2999",2017-04-03 18:11:57
"1154","doi:10.7281/T1/ZHG9BB","0000-0003-3170-2999",2017-08-28 17:18:07
"1155","doi:10.7281/T1/SP6KO3","0000-0003-1862-0649",2017-11-22 19:46:20
"1156","doi:10.7281/T14Q7RW8","0000-0002-7459-4978",2016-07-14
"1157","doi:10.7281/T1/EWN8ZN","0000-0002-9650-2210",2021-07-19 21:01:24
"1158","doi:10.7281/T1/D3EV75","0000-0002-9650-2210",2022-05-24 12:27:31
"1159","doi:10.7281/T1/5UEIRG","0000-0002-9650-2210",2022-05-24 12:26:25
"1160","doi:10.7281/T1/1MQMFC","0000-0002-9650-2210",2023-05-23 20:37:37
"1161","doi:10.7281/T1/8VU7A2","0000-0002-9650-2210",2023-05-09 12:24:18
"1162","doi:10.7281/T1/LJ9FLW","0000-0003-1106-8580",2022-04-19 11:56:18
"1163","doi:10.7281/T1/QGOMA0","0000-0003-1106-8580",2020-05-13 17:30:30
"1164","doi:10.7281/T1/8DBUAP","503",2023-07-13 17:40:06
"1165","doi:10.7281/T1/8DBUAP","0000-0002-7278-708X",2023-07-13 17:40:06
"1166","doi:10.7281/T1MW2F2Z","504",2015-08-25
"1167","doi:10.7281/T1/RDLYMJ","505",2024-09-13 19:49:27
"1168","doi:10.7281/T17P8W98","506",2015-08-25
"1169","doi:10.7281/T1/EOPWE4","507",2019-06-26 17:27:07
"1170","doi:10.7281/T1/6BHBC4","0000-0002-1564-6547",2020-01-13 18:12:38
"1171","doi:10.7281/T1/FN9EH6","0000-0002-1564-6547",2017-04-03 18:11:57
"1172","doi:10.7281/T1/ZHG9BB","0000-0002-1564-6547",2017-08-28 17:18:07
"1173","doi:10.7281/T1/4AJ8Y1","0000-0002-1564-6547",2018-04-20 19:17:14
"1174","doi:10.7281/T1/VWQ4J3","0000-0002-1564-6547",2020-04-01 17:02:54
"1175","doi:10.7281/T1/LJZQPI","0000-0002-1564-6547",2019-06-21 13:53:21
"1176","doi:10.7281/T1/VNEEJB","0000-0001-8061-8115",2023-04-04 23:55:24
"1177","doi:10.7281/T1/CZDPSX","508",2019-09-18 15:58:57
"1178","doi:10.7281/T1/2PGJQU","0000-0002-0055-9950",2023-03-08 20:14:56
"1179","doi:10.7281/T1/IFSXNV","0000-0002-0055-9950",2020-10-15 12:47:22
"1180","doi:10.7281/T1/C304HZ","0000-0002-0055-9950",2022-03-30 19:24:13
"1181","doi:10.7281/T1/7IXSOP","0000-0001-8041-9060",2022-09-23 16:12:59
"1182","doi:10.7281/T1/C6MCOX","0000-0002-3535-5616",2019-04-29 15:12:30
"1183","doi:10.7281/T1/UDTJPD","0000-0002-3535-5616",2020-02-20 18:10:12
"1184","doi:10.7281/T1/DX9DL8","0000-0001-9835-5165",2018-11-12 18:48:14
"1185","doi:10.7281/T1/OSQSMY","0000-0002-7164-1601",2018-08-17 13:15:49
"1186","doi:10.7281/T1/NH6EGH","0000-0002-7164-1601",2021-07-12 20:08:01
"1187","doi:10.7281/T1/NEACHP","0000-0003-3305-6281",2023-01-06 23:39:14
"1188","doi:10.7281/T1/N1X6I4","509",2021-02-04 22:20:30
"1189","doi:10.7281/T1/QVAHMD","510",2022-05-18 11:30:39
"1190","doi:10.7281/T1/D06YVM","511",2017-07-12 18:28:45
"1191","doi:10.7281/T1/EAFMCT","512",2018-12-07 18:10:05
"1192","doi:10.7281/T1/ONZHUS","513",2019-07-08 18:17:31
"1193","doi:10.7281/T1SF2T31","0000-0002-3219-9451",2015-12-02
"1194","doi:10.7281/T1/LR1FMH","0000-0002-8434-1034",2021-07-30 17:40:19
"1195","doi:10.7281/T1/VWQ4J3","0000-0002-6554-7803",2020-04-01 17:02:54
"1196","doi:10.7281/T19G5JRC","0000-0002-2465-2180",2015-10-22
"1197","doi:10.7281/T1/SP6KO3","0000-0001-5495-9370",2017-11-22 19:46:20
"1198","doi:10.7281/T1/VZZOJB","0000-0001-5495-9370",2021-03-02 14:37:44
"1199","doi:10.7281/T1/XFNORD","0000-0001-5495-9370",2023-12-21 14:34:36
"1200","doi:10.7281/T1/UP8RWD","514",2023-12-07 20:11:09
"1201","doi:10.7281/T1/VEORXP","0000-0001-7712-7198",2024-07-10 12:59:20
"1202","doi:10.7281/T1WD3XHM","515",2015-08-25
"1203","doi:10.7281/T1/BXJT0B","0000-0001-7273-1898",2021-12-21 17:56:17
"1204","doi:10.7281/T1/NEACHP","0000-0001-7273-1898",2023-01-06 23:39:14
"1205","doi:10.7281/T1/9VJGPI","0000-0001-5385-3072",2023-09-05 16:08:55
"1206","doi:10.7281/T1/FPN6MI","516",2023-08-03 20:18:29
"1207","doi:10.7281/T1/I3ILXO","517",2020-04-17 15:29:44
"1208","doi:10.7281/T1/ZOW11X","0000-0003-4647-0449",2021-02-01 15:16:20
"1209","doi:10.7281/T1/KCIPSB","0000-0003-4647-0449",2021-02-01 15:15:59
"1210","doi:10.7281/T1/PG105Y","518",2022-04-21 14:45:06
"1211","doi:10.7281/T1/M4FJUL","519",2021-03-18 15:19:14
"1212","doi:10.7281/T1/XNZRR8","0000-0003-4647-0449",2022-04-21 14:44:27
"1213","doi:10.7281/T1/L4QB1Z","520",2022-04-19 19:15:56
"1214","doi:10.7281/T1/KWDKME","0000-0003-4647-0449",2024-04-11 15:30:47
"1215","doi:10.7281/T1/4WX5QC","521",2021-07-19 20:41:03
"1216","doi:10.7281/T1/V5DLIW","0000-0003-4647-0449",2023-05-23 20:35:43
"1217","doi:10.7281/T1/XGVRX0","0000-0003-4647-0449",2022-06-23 16:11:51
"1218","doi:10.7281/T1/4RZTRN","522",2021-11-05 18:59:17
"1219","doi:10.7281/T1/WVDKQI","0000-0001-8993-3226",2023-12-11 20:33:49
"1220","doi:10.7281/T1/XOL4BR","523",2024-05-31 15:26:52
"1221","doi:10.7281/T1H41PBJ","524",2015-08-25
"1222","doi:10.7281/T1/MYJBMQ","525",2020-08-24 19:22:07
"1223","doi:10.7281/T1/J8UWFU","526",2024-05-03 17:43:49
"1224","doi:10.7281/T1/OY2X8T","527",2023-03-29 19:01:43
"1225","doi:10.7281/T1/0EYOMQ","528",2022-03-09 21:15:29
"1226","doi:10.7281/T1/T3SA2Z","529",2020-04-13 21:12:23
"1227","doi:10.7281/T1/OY2X8T","530",2023-03-29 19:01:43
"1228","doi:10.7281/T1/YC5BS6","0000-0002-3999-0772",2023-10-18 17:06:58
"1229","doi:10.7281/T1/WVEABK","0000-0002-3999-0772",2023-05-25 17:11:56
"1230","doi:10.7281/T1/DP2U9M","531",2019-07-10 18:25:43
"1231","doi:10.7281/T1/SWU4P8","532",2023-08-08 17:47:21
"1232","doi:10.7281/T1/UZIT7C","0000-0001-7692-2798",2023-12-05 19:53:32
"1233","doi:10.7281/T10Z715B","0000-0001-7692-2798",2016-10-28
"1234","doi:10.7281/T1/AWJUGZ","0000-0001-7692-2798",2020-10-08 19:46:08
"1235","doi:10.7281/T1/AWWAKP","0000-0001-7692-2798",2020-06-02 20:45:26
"1236","doi:10.7281/T1/VWR4GR","0000-0001-7692-2798",2017-02-23 14:12:11
"1237","doi:10.7281/T1/AZ8G3G","533",2022-05-17 19:45:56
"1238","doi:10.7281/T1/0L0OA0","0000-0002-8477-2440",2023-05-08 22:56:03
"1239","doi:10.7281/T1/8DBUAP","534",2023-07-13 17:40:06
"1240","doi:10.7281/T1/SWU4P8","535",2023-08-08 17:47:21
"1241","doi:10.7281/T1/CCC69H","0000-0001-9458-362X",2021-03-23 16:40:40
"1242","doi:10.7281/T1/VAQP5N","0000-0001-9458-362X",2018-10-24 15:06:55
"1243","doi:10.7281/T1/BIJBI6","536",2019-12-19 20:21:04
"1244","doi:10.7281/T1/4RZTRN","537",2021-11-05 18:59:17
"1245","doi:10.7281/T1/FPN6MI","538",2023-08-03 20:18:29
"1246","doi:10.7281/T1/JDHWJN","0000-0002-1299-9646",2024-07-19 14:23:02
"1247","doi:10.7281/T1/BMATHH","539",2021-09-28 11:30:17
"1248","doi:10.7281/T1/VZYIRV","0000-0003-3302-4044",2023-04-17 20:12:24
"1249","doi:10.7281/T1C8276W","0000-0002-9178-2647",2017-08-22 12:23:07
"1250","doi:10.7281/T1F769G3","540",2023-03-16 15:12:56
"1251","doi:10.7281/T1/EQKCFP","0000-0002-1729-0863",2023-10-20 13:46:16
"1252","doi:10.7281/T1/E70MXR","541",2021-01-07 17:45:16
"1253","doi:10.7281/T1/WVDKQI","0000-0003-2755-7610",2023-12-11 20:33:49
"1254","doi:10.7281/T1/FTCWPF","542",2020-04-22 16:05:42
"1255","doi:10.7281/T1/OM3OMQ","543",2017-10-23 17:22:25
"1256","doi:10.7281/T1/L8UP2G","544",2018-04-17 20:37:48
"1257","doi:10.7281/T1W66HPZ","0000-0003-4779-4154",2016-09-08
"1258","doi:10.7281/T1/TNHLOJ","545",2018-12-04 18:10:52
"1259","doi:10.7281/T1/TNHLOJ","0000-0003-1120-1679",2018-12-04 18:10:52
"1260","doi:10.7281/T1/D06YVM","0000-0002-6045-9302",2017-07-12 18:28:45
"1261","doi:10.7281/T1/BXJT0B","0000-0002-9710-4740",2021-12-21 17:56:17
"1262","doi:10.7281/T1/UIJLZO","546",2024-02-27 14:26:57
"1263","doi:10.7281/T1/TNHLOJ","0000-0002-5286-6506",2018-12-04 18:10:52
"1264","doi:10.7281/T1/YPUEQT","0000-0003-0170-1987",2024-02-01 20:27:23
"1265","doi:10.7281/T1/RTSGO0","0000-0003-0170-1987",2022-11-15 14:01:46
"1266","doi:10.7281/T1/5QMDY6","0000-0003-0170-1987",2023-08-25 12:04:54
"1267","doi:10.7281/T1/AVEV7M","0000-0003-0170-1987",2023-03-23 13:42:30
"1268","doi:10.7281/T1/GTUUUG","0000-0003-0170-1987",2024-07-08 13:12:05
"1269","doi:10.7281/T1/JDHWJN","0000-0003-0170-1987",2024-07-19 14:23:02
"1270","doi:10.7281/T1/SWU4P8","547",2023-08-08 17:47:21
"1271","doi:10.7281/T1/RDLYMJ","0009-0001-1784-642X",2024-09-13 19:49:27
"1272","doi:10.7281/T1/THLC8N","548",2024-03-13 19:56:44
"1273","doi:10.7281/T1/KOTDPY","0000-0003-4958-9234",2024-08-30 14:03:32
"1274","doi:10.7281/T1/NTWJAR","549",2024-02-23 20:28:34
"1275","doi:10.7281/T1/VAQP5N","550",2018-10-24 15:06:55
"1276","doi:10.7281/T1/CCC69H","551",2021-03-23 16:40:40
"1277","doi:10.7281/T1RF5RZ7","0000-0003-1696-7809",2016-08-02
"1278","doi:10.7281/T1/HW66X3","0000-0003-1296-6569",2024-02-13 18:07:50
"1279","doi:10.7281/T1/7IXSOP","552",2022-09-23 16:12:59
"1280","doi:10.7281/T1/RTSGO0","0000-0003-0495-2538",2022-11-15 14:01:46
"1281","doi:10.7281/T1/NL3HTW","553",2023-05-16 18:53:51
"1282","doi:10.7281/T1/VDZAZY","0000-0001-6124-1420",2020-08-28 18:59:41
"1283","doi:10.7281/T1/IRL0IE","554",2024-07-19 14:14:00
"1284","doi:10.7281/T1/0L0OA0","0000-0001-9698-5622",2023-05-08 22:56:03
"1285","doi:10.7281/T1/87PH8T","0000-0002-7645-3861",2021-06-30 20:25:47
"1286","doi:10.7281/T1/FWDYPW","0000-0002-7645-3861",2022-10-06 14:49:15
"1287","doi:10.7281/T1/QQ77OB","0000-0002-7645-3861",2022-09-27 20:22:01
"1288","doi:10.7281/T1/KTOG9W","0000-0002-7667-244X",2024-05-02 20:09:40
"1289","doi:10.7281/T1/AWJUGZ","0000-0002-5693-0392",2020-10-08 19:46:08
"1290","doi:10.7281/T1/7IXSOP","0000-0003-3913-8982",2022-09-23 16:12:59
"1291","doi:10.7281/T1/QS3QFT","0009-0002-9512-5377",2024-03-26 20:35:29
"1292","doi:10.7281/T1/F5PD42","0009-0002-9512-5377",2024-04-02 12:46:37
"1293","doi:10.7281/T1/F5PD42","555",2024-04-02 12:46:37
"1294","doi:10.7281/T1MW2F2Z","556",2015-08-25
"1295","doi:10.7281/T1MW2F2Z","557",2015-08-25
"1296","doi:10.7281/T1RN35S8","558",2015-08-25
"1297","doi:10.7281/T1/RDLYMJ","559",2024-09-13 19:49:27
"1298","doi:10.7281/T1/IZMSNX","560",2024-07-29 16:28:32
"1299","doi:10.7281/T1/LJ9FLW","561",2022-04-19 11:56:18
"1300","doi:10.7281/T1/QGOMA0","0000-0002-2587-9539",2020-05-13 17:30:30
"1301","doi:10.7281/T1/IRMGH8","0000-0002-1612-5532",2024-02-28 12:19:18
"1302","doi:10.7281/T1/OSQSMY","562",2018-08-17 13:15:49
"1303","doi:10.7281/T1/NH6EGH","563",2021-07-12 20:08:01
"1304","doi:10.7281/T1/VEORXP","0000-0003-0334-408X",2024-07-10 12:59:20
"1305","doi:10.7281/T1/YI383C","0000-0002-7484-8114",2017-08-16 16:55:31
"1306","doi:10.7281/T1/JDHWJN","564",2024-07-19 14:23:02
"1307","doi:10.7281/T1/IRL0IE","565",2024-07-19 14:14:00
"1308","doi:10.7281/T1/TP9B4Y","0000-0002-7479-1437",2018-06-13 13:46:01
"1309","doi:10.7281/T1/YZKNJ6","566",2024-02-22 19:52:00
"1310","doi:10.7281/T1/7ELIJW","0000-0001-5207-9249",2024-04-26 19:51:18
"1311","doi:10.7281/T1/YZKNJ6","0000-0001-5207-9249",2024-02-22 19:52:00
"1312","doi:10.7281/T1/VWQ4J3","0000-0002-5091-1975",2020-04-01 17:02:54
"1313","doi:10.7281/T10Z715B","0000-0002-0698-0658",2016-10-28
"1314","doi:10.7281/T1/6JMKIG","0000-0002-0698-0658",2019-01-15 20:29:36
"1315","doi:10.7281/T1/XTJ1YP","0000-0002-0698-0658",2018-10-17 19:45:35
"1316","doi:10.7281/T1/AZE8LU","567",2020-12-01 20:12:59
"1317","doi:10.7281/T1/SQ6FO9","0000-0002-0698-0658",2018-08-24 14:54:41
"1318","doi:10.7281/T1/T3SA2Z","568",2020-04-13 21:12:23
"1319","doi:10.7281/T1/JYAHTN","0000-0002-0698-0658",2020-11-24 12:54:16
"1320","doi:10.7281/T1/4ZCOC4","0000-0002-0698-0658",2020-04-06 19:13:23
"1321","doi:10.7281/T1/RECXQW","0000-0002-0698-0658",2022-01-10 16:51:56
"1322","doi:10.7281/T1/X4MXHC","0000-0002-0698-0658",2022-04-07 16:35:56
"1323","doi:10.7281/T1/YQDI0F","569",2021-04-06 13:35:42
"1324","doi:10.7281/T1/1ECVB0","0000-0002-0698-0658",2020-04-09 20:50:28
"1325","doi:10.7281/T1/SQJ7G0","0000-0002-0698-0658",2024-04-22 15:29:40
"1326","doi:10.7281/T1/JYAHTN","570",2020-11-24 12:54:16
"1327","doi:10.7281/T1/WVDKQI","0000-0002-9766-8124",2023-12-11 20:33:49
"1328","doi:10.7281/T1WD3XHM","0000-0001-7077-1167",2015-08-25
"1329","doi:10.7281/T1/860JVB","571",2023-05-23 20:36:46
"1330","doi:10.7281/T18G8HM0","572",2023-06-08 12:11:46
"1331","doi:10.7281/T1VD6WC7","0000-0003-0500-5655",2016-04-12
"1332","doi:10.7281/T1QN64NW","0000-0003-0500-5655",2016-06-10
"1333","doi:10.7281/T1KW5CX5","573",2016-04-07
"1334","doi:10.7281/T1/K3ONN5","574",2018-11-19 17:24:44
"1335","doi:10.7281/T1/V3Z6DD","575",2019-01-23 20:57:15
"1336","doi:10.7281/T1/GH4EF2","576",2021-02-22 21:23:35
"1337","doi:10.7281/T1/CRHEAH","577",2020-08-24 19:08:33
"1338","doi:10.7281/T1/BT02SS","578",2021-07-19 20:18:07
"1339","doi:10.7281/T1/VCPZIK","579",2021-08-05 21:44:39
"1340","doi:10.7281/T1/KGCGBM","580",2023-05-09 12:21:59
"1341","doi:10.7281/T1/7ELIJW","581",2024-04-26 19:51:18
"1342","doi:10.7281/T1/ZPJZJC","0000-0002-3313-6030",2021-10-13 12:17:00
"1343","doi:10.7281/T1/ZQZX80","0000-0002-3313-6030",2019-12-05 20:57:25
"1344","doi:10.7281/T1/K08BJZ","582",2022-09-06 17:25:29
"1345","doi:10.7281/T1/YZKNJ6","583",2024-02-22 19:52:00
"1346","doi:10.7281/T1/OSQSMY","584",2018-08-17 13:15:49
"1347","doi:10.7281/T1/NH6EGH","0000-0002-9978-6773",2021-07-12 20:08:01
"1348","doi:10.7281/T1/KOTDPY","0000-0002-8211-118X",2024-08-30 14:03:32
"1349","doi:10.7281/T1/CZZDLJ","0000-0001-5852-9757",2017-06-22 13:24:47
"1350","doi:10.7281/T1/0JWMF0","585",2022-06-23 19:23:43
"1351","doi:10.7281/T1/YI383C","586",2017-08-16 16:55:31
"1352","doi:10.7281/T1PN93HH","587",2020-10-30 18:26:04
"1353","doi:10.7281/T1/CZZDLJ","0000-0002-2399-0030",2017-06-22 13:24:47
"1354","doi:10.7281/T1/EQKCFP","588",2023-10-20 13:46:16
"1355","doi:10.7281/T1/JYAHTN","589",2020-11-24 12:54:16
"1356","doi:10.7281/T1/7ELIJW","590",2024-04-26 19:51:18
"1357","doi:10.7281/T1/LR1FMH","591",2021-07-30 17:40:19
"1358","doi:10.7281/T1/VDZAZY","0000-0003-3940-4216",2020-08-28 18:59:41
"1359","doi:10.7281/T1/BCARLC","592",2020-10-12 21:05:06
"1360","doi:10.7281/T1/AYTUVI","0000-0003-1457-3072",2018-08-03 18:25:59
"1361","doi:10.7281/T1/OSQSMY","0000-0002-0660-4943",2018-08-17 13:15:49
"1362","doi:10.7281/T1/L8UP2G","0000-0002-1168-8491",2018-04-17 20:37:48
"1363","doi:10.7281/T1C8276W","0000-0002-8741-813X",2017-08-22 12:23:07
